time,open,high,low,close,risepercent,wavepercent
"2011-12-09,五",0.795,0.814,0.795,0.797,-1.60%,2.35%
"2011-12-12,一",0.79,0.803,0.79,0.79,-0.88%,1.63%
"2011-12-13,二",0.788,0.788,0.763,0.768,-2.78%,3.16%
"2011-12-14,三",0.768,0.777,0.755,0.76,-1.04%,2.86%
"2011-12-15,四",0.755,0.764,0.747,0.752,-1.05%,2.24%
"2011-12-16,五",0.75,0.784,0.748,0.781,3.86%,4.79%
"2011-12-19,一",0.775,0.795,0.766,0.795,1.79%,3.71%
"2011-12-20,二",0.795,0.8,0.78,0.78,-1.89%,2.52%
"2011-12-21,三",0.786,0.791,0.766,0.766,-1.79%,3.21%
"2011-12-22,四",0.756,0.768,0.73,0.757,-1.17%,4.96%
"2011-12-23,五",0.75,0.773,0.749,0.761,0.53%,3.17%
"2011-12-26,一",0.759,0.773,0.751,0.755,-0.79%,2.89%
"2011-12-27,二",0.75,0.754,0.727,0.729,-3.44%,3.58%
"2011-12-28,三",0.72,0.724,0.703,0.719,-1.37%,2.88%
"2011-12-29,四",0.713,0.726,0.711,0.718,-0.14%,2.09%
"2011-12-30,五",0.723,0.732,0.722,0.729,1.53%,1.39%
"2012-01-04,三",0.735,0.739,0.708,0.708,-2.88%,4.25%
"2012-01-05,四",0.705,0.705,0.666,0.672,-5.08%,5.51%
"2012-01-06,五",0.668,0.676,0.647,0.67,-0.30%,4.32%
"2012-01-09,一",0.667,0.698,0.658,0.696,3.88%,5.97%
"2012-01-10,二",0.696,0.722,0.691,0.72,3.45%,4.45%
"2012-01-11,三",0.717,0.731,0.711,0.723,0.42%,2.78%
"2012-01-12,四",0.717,0.73,0.71,0.711,-1.66%,2.77%
"2012-01-13,五",0.709,0.711,0.666,0.668,-6.05%,6.33%
"2012-01-16,一",0.656,0.66,0.635,0.635,-4.94%,3.74%
"2012-01-17,二",0.635,0.67,0.627,0.666,4.88%,6.77%
"2012-01-18,三",0.665,0.669,0.624,0.624,-6.31%,6.76%
"2012-01-19,四",0.619,0.639,0.615,0.635,1.76%,3.85%
"2012-01-20,五",0.634,0.653,0.634,0.648,2.05%,2.99%
"2012-01-30,一",0.649,0.663,0.645,0.655,1.08%,2.78%
"2012-01-31,二",0.652,0.655,0.638,0.65,-0.76%,2.60%
"2012-02-01,三",0.651,0.666,0.648,0.653,0.46%,2.77%
"2012-02-02,四",0.654,0.67,0.653,0.67,2.60%,2.60%
"2012-02-03,五",0.669,0.685,0.664,0.682,1.79%,3.13%
"2012-02-06,一",0.683,0.693,0.683,0.69,1.17%,1.47%
"2012-02-07,二",0.683,0.685,0.671,0.675,-2.17%,2.03%
"2012-02-08,三",0.677,0.697,0.671,0.696,3.11%,3.85%
"2012-02-09,四",0.694,0.708,0.693,0.701,0.72%,2.16%
"2012-02-10,五",0.7,0.708,0.695,0.701,0.00%,1.85%
"2012-02-13,一",0.694,0.721,0.691,0.718,2.43%,4.28%
"2012-02-14,二",0.715,0.719,0.708,0.715,-0.42%,1.53%
"2012-02-15,三",0.714,0.727,0.708,0.726,1.54%,2.66%
"2012-02-16,四",0.723,0.734,0.715,0.723,-0.41%,2.62%
"2012-02-17,五",0.726,0.728,0.71,0.719,-0.55%,2.49%
"2012-02-20,一",0.725,0.734,0.722,0.723,0.56%,1.67%
"2012-02-21,二",0.721,0.739,0.716,0.738,2.07%,3.18%
"2012-02-22,三",0.738,0.767,0.737,0.762,3.25%,4.07%
"2012-02-23,四",0.765,0.768,0.75,0.76,-0.26%,2.36%
"2012-02-24,五",0.758,0.768,0.755,0.764,0.53%,1.71%
"2012-02-27,一",0.764,0.774,0.761,0.763,-0.13%,1.70%
"2012-02-28,二",0.758,0.759,0.74,0.75,-1.70%,2.49%
"2012-02-29,三",0.745,0.751,0.734,0.737,-1.73%,2.27%
"2012-03-01,四",0.733,0.75,0.733,0.743,0.81%,2.31%
"2012-03-02,五",0.744,0.759,0.743,0.759,2.15%,2.15%
"2012-03-05,一",0.76,0.769,0.758,0.761,0.26%,1.45%
"2012-03-06,二",0.756,0.76,0.744,0.752,-1.18%,2.10%
"2012-03-07,三",0.743,0.761,0.74,0.749,-0.40%,2.79%
"2012-03-08,四",0.75,0.766,0.75,0.765,2.14%,2.14%
"2012-03-09,五",0.767,0.78,0.765,0.779,1.83%,1.96%
"2012-03-12,一",0.783,0.787,0.779,0.786,0.90%,1.03%
"2012-03-13,二",0.787,0.794,0.783,0.793,0.89%,1.40%
"2012-03-14,三",0.8,0.802,0.751,0.756,-4.67%,6.43%
"2012-03-15,四",0.759,0.762,0.735,0.747,-1.19%,3.57%
"2012-03-16,五",0.749,0.769,0.747,0.767,2.68%,2.95%
"2012-03-19,一",0.764,0.783,0.763,0.78,1.69%,2.61%
"2012-03-20,二",0.775,0.776,0.755,0.756,-3.08%,2.69%
"2012-03-21,三",0.759,0.763,0.738,0.75,-0.79%,3.31%
"2012-03-22,四",0.75,0.759,0.743,0.752,0.27%,2.13%
"2012-03-23,五",0.75,0.752,0.735,0.74,-1.60%,2.26%
"2012-03-26,一",0.738,0.744,0.732,0.739,-0.14%,1.62%
"2012-03-27,二",0.746,0.748,0.735,0.737,-0.27%,1.76%
"2012-03-28,三",0.733,0.733,0.699,0.7,-5.02%,4.61%
"2012-03-29,四",0.698,0.698,0.678,0.686,-2.00%,2.86%
"2012-03-30,五",0.686,0.69,0.677,0.683,-0.44%,1.90%
"2012-04-05,四",0.68,0.702,0.678,0.701,2.64%,3.51%
"2012-04-06,五",0.7,0.708,0.695,0.703,0.29%,1.85%
"2012-04-09,一",0.701,0.705,0.691,0.691,-1.71%,1.99%
"2012-04-10,二",0.691,0.701,0.675,0.7,1.30%,3.76%
"2012-04-11,三",0.69,0.704,0.688,0.701,0.14%,2.29%
"2012-04-12,四",0.701,0.718,0.699,0.718,2.43%,2.71%
"2012-04-13,五",0.719,0.728,0.716,0.722,0.56%,1.67%
"2012-04-16,一",0.715,0.723,0.713,0.719,-0.42%,1.39%
"2012-04-17,二",0.719,0.721,0.708,0.71,-1.25%,1.81%
"2012-04-18,三",0.713,0.73,0.712,0.728,2.54%,2.54%
"2012-04-19,四",0.726,0.732,0.724,0.728,0.00%,1.10%
"2012-04-20,五",0.726,0.732,0.723,0.729,0.14%,1.24%
"2012-04-23,一",0.725,0.725,0.686,0.686,-5.90%,5.35%
"2012-04-24,二",0.681,0.691,0.664,0.683,-0.44%,3.94%
"2012-04-25,三",0.681,0.688,0.676,0.684,0.15%,1.76%
"2012-04-26,四",0.689,0.689,0.676,0.681,-0.44%,1.90%
"2012-04-27,五",0.68,0.693,0.678,0.688,1.03%,2.20%
"2012-05-02,三",0.696,0.701,0.689,0.698,1.45%,1.74%
"2012-05-03,四",0.697,0.704,0.694,0.703,0.72%,1.43%
"2012-05-04,五",0.703,0.719,0.703,0.719,2.28%,2.28%
"2012-05-07,一",0.717,0.737,0.714,0.737,2.50%,3.20%
"2012-05-08,二",0.739,0.743,0.734,0.734,-0.41%,1.22%
"2012-05-09,三",0.729,0.733,0.722,0.724,-1.36%,1.50%
"2012-05-10,四",0.725,0.735,0.723,0.732,1.10%,1.66%
"2012-05-11,五",0.73,0.735,0.722,0.722,-1.37%,1.78%
"2012-05-14,一",0.728,0.735,0.721,0.722,0.00%,1.94%
"2012-05-15,二",0.718,0.725,0.713,0.724,0.28%,1.66%
"2012-05-16,三",0.723,0.727,0.714,0.714,-1.38%,1.80%
"2012-05-17,四",0.715,0.724,0.707,0.72,0.84%,2.38%
"2012-05-18,五",0.715,0.722,0.709,0.712,-1.11%,1.81%
"2012-05-21,一",0.712,0.717,0.703,0.708,-0.56%,1.97%
"2012-05-22,二",0.711,0.722,0.711,0.721,1.84%,1.55%
"2012-05-23,三",0.72,0.722,0.71,0.716,-0.69%,1.66%
"2012-05-24,四",0.715,0.723,0.714,0.716,0.00%,1.26%
"2012-05-25,五",0.718,0.72,0.705,0.706,-1.40%,2.09%
"2012-05-28,一",0.701,0.714,0.69,0.712,0.85%,3.40%
"2012-05-29,二",0.709,0.733,0.708,0.725,1.83%,3.51%
"2012-05-30,三",0.725,0.737,0.723,0.732,0.97%,1.93%
"2012-05-31,四",0.73,0.747,0.728,0.74,1.09%,2.60%
"2012-06-01,五",0.739,0.746,0.735,0.739,-0.14%,1.49%
"2012-06-04,一",0.727,0.741,0.723,0.723,-2.17%,2.44%
"2012-06-05,二",0.724,0.73,0.718,0.721,-0.28%,1.66%
"2012-06-06,三",0.723,0.729,0.716,0.72,-0.14%,1.80%
"2012-06-07,四",0.725,0.732,0.715,0.717,-0.42%,2.36%
"2012-06-08,五",0.724,0.728,0.715,0.721,0.56%,1.81%
"2012-06-11,一",0.721,0.744,0.72,0.744,3.19%,3.33%
"2012-06-12,二",0.74,0.746,0.738,0.741,-0.40%,1.08%
"2012-06-13,三",0.743,0.753,0.742,0.752,1.48%,1.48%
"2012-06-14,四",0.751,0.757,0.744,0.745,-0.93%,1.73%
"2012-06-15,五",0.748,0.753,0.739,0.747,0.27%,1.88%
"2012-06-18,一",0.755,0.763,0.751,0.759,1.61%,1.61%
"2012-06-19,二",0.758,0.758,0.751,0.752,-0.92%,0.92%
"2012-06-20,三",0.755,0.758,0.751,0.754,0.27%,0.93%
"2012-06-21,四",0.753,0.753,0.737,0.744,-1.33%,2.12%
"2012-06-25,一",0.74,0.742,0.729,0.73,-1.88%,1.75%
"2012-06-26,二",0.725,0.727,0.71,0.721,-1.23%,2.33%
"2012-06-27,三",0.72,0.736,0.719,0.725,0.55%,2.36%
"2012-06-28,四",0.726,0.735,0.716,0.716,-1.24%,2.62%
"2012-06-29,五",0.713,0.734,0.712,0.734,2.51%,3.07%
"2012-07-02,一",0.74,0.753,0.735,0.75,2.18%,2.45%
"2012-07-03,二",0.747,0.758,0.745,0.749,-0.13%,1.73%
"2012-07-04,三",0.752,0.753,0.742,0.743,-0.80%,1.47%
"2012-07-05,四",0.741,0.741,0.726,0.728,-2.02%,2.02%
"2012-07-06,五",0.732,0.745,0.718,0.745,2.34%,3.71%
"2012-07-09,一",0.74,0.743,0.725,0.725,-2.68%,2.42%
"2012-07-10,二",0.724,0.727,0.716,0.72,-0.69%,1.52%
"2012-07-11,三",0.719,0.726,0.713,0.726,0.83%,1.81%
"2012-07-12,四",0.723,0.742,0.721,0.738,1.65%,2.89%
"2012-07-13,五",0.737,0.741,0.726,0.73,-1.08%,2.03%
"2012-07-16,一",0.73,0.73,0.696,0.697,-4.52%,4.66%
"2012-07-17,二",0.688,0.702,0.688,0.702,0.72%,2.01%
"2012-07-18,三",0.698,0.708,0.69,0.707,0.71%,2.56%
"2012-07-19,四",0.704,0.72,0.704,0.714,0.99%,2.26%
"2012-07-20,五",0.714,0.719,0.709,0.71,-0.56%,1.40%
"2012-07-23,一",0.701,0.714,0.701,0.711,0.14%,1.83%
"2012-07-24,二",0.707,0.718,0.702,0.711,0.00%,2.25%
"2012-07-25,三",0.711,0.721,0.708,0.713,0.28%,1.83%
"2012-07-26,四",0.712,0.723,0.709,0.712,-0.14%,1.96%
"2012-07-27,五",0.715,0.716,0.704,0.709,-0.42%,1.69%
"2012-07-30,一",0.708,0.714,0.692,0.694,-2.12%,3.10%
"2012-07-31,二",0.691,0.693,0.678,0.683,-1.59%,2.16%
"2012-08-01,三",0.682,0.701,0.682,0.695,1.76%,2.78%
"2012-08-02,四",0.694,0.7,0.689,0.695,0.00%,1.58%
"2012-08-03,五",0.697,0.719,0.695,0.719,3.45%,3.45%
"2012-08-06,一",0.714,0.738,0.712,0.736,2.36%,3.62%
"2012-08-07,二",0.736,0.743,0.735,0.741,0.68%,1.09%
"2012-08-08,三",0.741,0.741,0.728,0.735,-0.81%,1.75%
"2012-08-09,四",0.736,0.749,0.732,0.748,1.77%,2.31%
"2012-08-10,五",0.747,0.75,0.739,0.748,0.00%,1.47%
"2012-08-13,一",0.746,0.747,0.732,0.732,-2.14%,2.01%
"2012-08-14,二",0.73,0.743,0.717,0.742,1.37%,3.55%
"2012-08-15,三",0.739,0.742,0.733,0.734,-1.08%,1.21%
"2012-08-16,四",0.732,0.736,0.727,0.729,-0.68%,1.23%
"2012-08-17,五",0.727,0.729,0.718,0.727,-0.27%,1.51%
"2012-08-20,一",0.719,0.738,0.717,0.736,1.24%,2.89%
"2012-08-21,二",0.735,0.758,0.734,0.753,2.31%,3.26%
"2012-08-22,三",0.753,0.762,0.747,0.752,-0.13%,1.99%
"2012-08-23,四",0.751,0.758,0.748,0.755,0.40%,1.33%
"2012-08-24,五",0.753,0.756,0.739,0.739,-2.12%,2.25%
"2012-08-27,一",0.736,0.736,0.726,0.728,-1.49%,1.35%
"2012-08-28,二",0.727,0.74,0.722,0.733,0.69%,2.47%
"2012-08-29,三",0.73,0.741,0.727,0.731,-0.27%,1.91%
"2012-08-30,四",0.727,0.734,0.697,0.707,-3.28%,5.06%
"2012-08-31,五",0.704,0.715,0.702,0.713,0.85%,1.84%
"2012-09-03,一",0.71,0.73,0.705,0.729,2.24%,3.51%
"2012-09-04,二",0.729,0.737,0.725,0.728,-0.14%,1.65%
"2012-09-05,三",0.724,0.738,0.722,0.736,1.10%,2.20%
"2012-09-06,四",0.738,0.745,0.732,0.744,1.09%,1.77%
"2012-09-07,五",0.748,0.776,0.748,0.766,2.96%,3.76%
"2012-09-10,一",0.768,0.77,0.76,0.767,0.13%,1.31%
"2012-09-11,二",0.764,0.768,0.76,0.766,-0.13%,1.04%
"2012-09-12,三",0.768,0.771,0.758,0.766,0.00%,1.70%
"2012-09-13,四",0.766,0.771,0.751,0.751,-1.96%,2.61%
"2012-09-14,五",0.755,0.759,0.745,0.748,-0.40%,1.86%
"2012-09-17,一",0.746,0.746,0.727,0.727,-2.81%,2.54%
"2012-09-18,二",0.723,0.736,0.723,0.729,0.28%,1.79%
"2012-09-19,三",0.729,0.736,0.727,0.734,0.69%,1.23%
"2012-09-20,四",0.733,0.733,0.707,0.712,-3.00%,3.54%
"2012-09-21,五",0.712,0.713,0.694,0.694,-2.53%,2.67%
"2012-09-24,一",0.69,0.702,0.682,0.696,0.29%,2.88%
"2012-09-25,二",0.69,0.699,0.684,0.684,-1.72%,2.16%
"2012-09-26,三",0.686,0.687,0.664,0.666,-2.63%,3.36%
"2012-09-27,四",0.67,0.686,0.668,0.683,2.55%,2.70%
"2012-09-28,五",0.677,0.696,0.674,0.696,1.90%,3.22%
"2012-10-08,一",0.69,0.697,0.68,0.697,0.14%,2.44%
"2012-10-09,二",0.698,0.718,0.693,0.717,2.87%,3.59%
"2012-10-10,三",0.716,0.727,0.711,0.725,1.12%,2.23%
"2012-10-11,四",0.725,0.729,0.715,0.717,-1.10%,1.93%
"2012-10-12,五",0.717,0.726,0.703,0.711,-0.84%,3.21%
"2012-10-15,一",0.712,0.712,0.697,0.708,-0.42%,2.11%
"2012-10-16,二",0.707,0.716,0.702,0.709,0.14%,1.98%
"2012-10-17,三",0.709,0.715,0.704,0.713,0.56%,1.55%
"2012-10-18,四",0.713,0.727,0.713,0.724,1.54%,1.96%
"2012-10-19,五",0.724,0.727,0.719,0.723,-0.14%,1.10%
"2012-10-22,一",0.717,0.729,0.717,0.728,0.69%,1.66%
"2012-10-23,二",0.729,0.73,0.712,0.713,-2.06%,2.47%
"2012-10-24,三",0.708,0.718,0.708,0.711,-0.28%,1.40%
"2012-10-25,四",0.71,0.717,0.699,0.699,-1.69%,2.53%
"2012-10-26,五",0.699,0.699,0.683,0.688,-1.57%,2.29%
"2012-10-29,一",0.688,0.695,0.685,0.692,0.58%,1.45%
"2012-10-30,二",0.691,0.7,0.69,0.692,0.00%,1.45%
"2012-10-31,三",0.692,0.696,0.688,0.695,0.43%,1.16%
"2012-11-01,四",0.697,0.708,0.695,0.706,1.58%,1.87%
"2012-11-02,五",0.704,0.707,0.7,0.705,-0.14%,0.99%
"2012-11-05,一",0.705,0.707,0.694,0.696,-1.28%,1.84%
"2012-11-06,二",0.693,0.696,0.683,0.693,-0.43%,1.87%
"2012-11-07,三",0.694,0.697,0.69,0.692,-0.14%,1.01%
"2012-11-08,四",0.687,0.689,0.679,0.679,-1.88%,1.45%
"2012-11-09,五",0.678,0.683,0.676,0.678,-0.15%,1.03%
"2012-11-12,一",0.679,0.685,0.675,0.682,0.59%,1.47%
"2012-11-13,二",0.682,0.682,0.669,0.671,-1.61%,1.91%
"2012-11-14,三",0.671,0.672,0.661,0.669,-0.30%,1.64%
"2012-11-15,四",0.667,0.671,0.661,0.663,-0.90%,1.49%
"2012-11-16,五",0.663,0.664,0.658,0.661,-0.30%,0.90%
"2012-11-19,一",0.661,0.661,0.65,0.661,0.00%,1.66%
"2012-11-20,二",0.662,0.666,0.658,0.661,0.00%,1.21%
"2012-11-21,三",0.661,0.668,0.65,0.666,0.76%,2.72%
"2012-11-22,四",0.662,0.662,0.653,0.655,-1.65%,1.35%
"2012-11-23,五",0.657,0.66,0.652,0.656,0.15%,1.22%
"2012-11-26,一",0.656,0.656,0.642,0.643,-1.98%,2.13%
"2012-11-27,二",0.644,0.644,0.619,0.62,-3.58%,3.89%
"2012-11-28,三",0.617,0.62,0.609,0.611,-1.45%,1.77%
"2012-11-29,四",0.613,0.616,0.606,0.607,-0.65%,1.64%
"2012-11-30,五",0.605,0.613,0.604,0.608,0.16%,1.48%
"2012-12-03,一",0.608,0.611,0.597,0.598,-1.64%,2.30%
"2012-12-04,二",0.597,0.607,0.589,0.603,0.84%,3.01%
"2012-12-05,三",0.603,0.632,0.6,0.627,3.98%,5.31%
"2012-12-06,四",0.627,0.633,0.622,0.626,-0.16%,1.75%
"2012-12-07,五",0.626,0.642,0.623,0.641,2.40%,3.04%
"2012-12-10,一",0.641,0.652,0.638,0.649,1.25%,2.18%
"2012-12-11,二",0.647,0.649,0.641,0.642,-1.08%,1.23%
"2012-12-12,三",0.641,0.644,0.633,0.642,0.00%,1.71%
"2012-12-13,四",0.64,0.644,0.632,0.633,-1.40%,1.87%
"2012-12-14,五",0.633,0.663,0.633,0.661,4.42%,4.74%
"2012-12-17,一",0.661,0.663,0.647,0.654,-1.06%,2.42%
"2012-12-18,二",0.652,0.659,0.647,0.649,-0.76%,1.83%
"2012-12-19,三",0.65,0.658,0.647,0.654,0.77%,1.69%
"2012-12-20,四",0.651,0.661,0.65,0.661,1.07%,1.68%
"2012-12-21,五",0.661,0.674,0.656,0.671,1.51%,2.72%
"2012-12-24,一",0.668,0.683,0.667,0.683,1.79%,2.38%
"2012-12-25,二",0.678,0.699,0.678,0.697,2.05%,3.07%
"2012-12-26,三",0.697,0.713,0.692,0.711,2.01%,3.01%
"2012-12-27,四",0.712,0.715,0.7,0.703,-1.13%,2.11%
"2012-12-28,五",0.701,0.709,0.696,0.709,0.85%,1.85%
"2012-12-31,一",0.711,0.713,0.705,0.713,0.56%,1.13%
"2013-01-04,五",0.72,0.721,0.7,0.708,-0.70%,2.95%
"2013-01-07,一",0.703,0.721,0.702,0.721,1.84%,2.68%
"2013-01-08,二",0.72,0.74,0.717,0.737,2.22%,3.19%
"2013-01-09,三",0.734,0.742,0.728,0.735,-0.27%,1.90%
"2013-01-10,四",0.734,0.746,0.731,0.743,1.09%,2.04%
"2013-01-11,五",0.744,0.747,0.73,0.731,-1.62%,2.29%
"2013-01-14,一",0.73,0.764,0.73,0.762,4.24%,4.65%
"2013-01-15,二",0.766,0.784,0.765,0.78,2.36%,2.49%
"2013-01-16,三",0.78,0.78,0.761,0.774,-0.77%,2.44%
"2013-01-17,四",0.774,0.777,0.767,0.768,-0.78%,1.29%
"2013-01-18,五",0.772,0.79,0.772,0.79,2.86%,2.34%
"2013-01-21,一",0.79,0.795,0.783,0.794,0.51%,1.52%
"2013-01-22,二",0.792,0.793,0.769,0.774,-2.52%,3.02%
"2013-01-23,三",0.774,0.783,0.764,0.781,0.90%,2.45%
"2013-01-24,四",0.78,0.788,0.752,0.759,-2.82%,4.61%
"2013-01-25,五",0.755,0.768,0.755,0.763,0.53%,1.71%
"2013-01-28,一",0.764,0.786,0.764,0.786,3.01%,2.88%
"2013-01-29,二",0.788,0.797,0.786,0.792,0.76%,1.40%
"2013-01-30,三",0.793,0.793,0.777,0.784,-1.01%,2.02%
"2013-01-31,四",0.784,0.786,0.771,0.78,-0.51%,1.91%
"2013-02-01,五",0.778,0.787,0.774,0.783,0.38%,1.67%
"2013-02-04,一",0.784,0.788,0.766,0.771,-1.53%,2.81%
"2013-02-05,二",0.767,0.785,0.766,0.784,1.69%,2.46%
"2013-02-06,三",0.782,0.796,0.78,0.791,0.89%,2.04%
"2013-02-07,四",0.79,0.807,0.788,0.806,1.90%,2.40%
"2013-02-08,五",0.806,0.825,0.805,0.822,1.99%,2.48%
"2013-02-18,一",0.827,0.834,0.823,0.832,1.22%,1.34%
"2013-02-19,二",0.833,0.833,0.814,0.818,-1.68%,2.28%
"2013-02-20,三",0.816,0.851,0.815,0.851,4.03%,4.40%
"2013-02-21,四",0.845,0.853,0.827,0.838,-1.53%,3.06%
"2013-02-22,五",0.837,0.848,0.833,0.835,-0.36%,1.79%
"2013-02-25,一",0.833,0.857,0.833,0.854,2.28%,2.87%
"2013-02-26,二",0.851,0.864,0.844,0.85,-0.47%,2.34%
"2013-02-27,三",0.85,0.855,0.833,0.842,-0.94%,2.59%
"2013-02-28,四",0.843,0.861,0.84,0.86,2.14%,2.49%
"2013-03-01,五",0.86,0.885,0.858,0.885,2.91%,3.14%
"2013-03-04,一",0.878,0.886,0.849,0.863,-2.49%,4.18%
"2013-03-05,二",0.863,0.887,0.854,0.887,2.78%,3.82%
"2013-03-06,三",0.888,0.904,0.886,0.902,1.69%,2.03%
"2013-03-07,四",0.899,0.9,0.865,0.88,-2.44%,3.88%
"2013-03-08,五",0.878,0.883,0.858,0.863,-1.93%,2.84%
"2013-03-11,一",0.859,0.871,0.854,0.867,0.46%,1.97%
"2013-03-12,二",0.867,0.871,0.825,0.836,-3.58%,5.31%
"2013-03-13,三",0.832,0.836,0.817,0.832,-0.48%,2.27%
"2013-03-14,四",0.829,0.845,0.825,0.84,0.96%,2.40%
"2013-03-15,五",0.837,0.868,0.834,0.853,1.55%,4.05%
"2013-03-18,一",0.848,0.861,0.845,0.85,-0.35%,1.88%
"2013-03-19,二",0.847,0.853,0.826,0.841,-1.06%,3.18%
"2013-03-20,三",0.841,0.865,0.838,0.864,2.73%,3.21%
"2013-03-21,四",0.865,0.886,0.865,0.88,1.85%,2.43%
"2013-03-22,五",0.878,0.883,0.872,0.878,-0.23%,1.25%
"2013-03-25,一",0.882,0.884,0.87,0.88,0.23%,1.59%
"2013-03-26,二",0.875,0.879,0.856,0.872,-0.91%,2.61%
"2013-03-27,三",0.872,0.884,0.87,0.882,1.15%,1.61%
"2013-03-28,四",0.87,0.877,0.855,0.864,-2.04%,2.49%
"2013-03-29,五",0.865,0.87,0.857,0.86,-0.46%,1.50%
"2013-04-01,一",0.861,0.88,0.85,0.875,1.74%,3.49%
"2013-04-02,二",0.877,0.884,0.839,0.847,-3.20%,5.14%
"2013-04-03,三",0.84,0.848,0.825,0.829,-2.13%,2.72%
"2013-04-08,一",0.821,0.854,0.815,0.854,3.02%,4.70%
"2013-04-09,二",0.853,0.864,0.848,0.86,0.70%,1.87%
"2013-04-10,三",0.857,0.86,0.839,0.849,-1.28%,2.44%
"2013-04-11,四",0.85,0.856,0.845,0.849,0.00%,1.30%
"2013-04-12,五",0.835,0.851,0.835,0.844,-0.59%,1.88%
"2013-04-15,一",0.844,0.844,0.83,0.834,-1.18%,1.66%
"2013-04-16,二",0.827,0.843,0.821,0.842,0.96%,2.64%
"2013-04-17,三",0.842,0.867,0.838,0.866,2.85%,3.44%
"2013-04-18,四",0.861,0.876,0.857,0.871,0.58%,2.19%
"2013-04-19,五",0.872,0.897,0.871,0.891,2.30%,2.99%
"2013-04-22,一",0.891,0.915,0.888,0.915,2.69%,3.03%
"2013-04-23,二",0.919,0.919,0.887,0.892,-2.51%,3.50%
"2013-04-24,三",0.892,0.926,0.89,0.926,3.81%,4.04%
"2013-04-25,四",0.923,0.937,0.898,0.898,-3.02%,4.21%
"2013-04-26,五",0.892,0.902,0.882,0.89,-0.89%,2.23%
"2013-05-02,四",0.887,0.914,0.878,0.914,2.70%,4.04%
"2013-05-03,五",0.916,0.939,0.914,0.938,2.63%,2.74%
"2013-05-06,一",0.94,0.962,0.938,0.953,1.60%,2.56%
"2013-05-07,二",0.951,0.963,0.944,0.95,-0.31%,1.99%
"2013-05-08,三",0.956,0.982,0.955,0.982,3.37%,2.84%
"2013-05-09,四",0.979,0.993,0.972,0.99,0.81%,2.14%
"2013-05-10,五",0.986,0.993,0.97,0.987,-0.30%,2.32%
"2013-05-13,一",0.985,0.992,0.974,0.991,0.41%,1.82%
"2013-05-14,二",0.99,0.99,0.964,0.971,-2.02%,2.62%
"2013-05-15,三",0.971,1.01,0.971,1.01,4.02%,4.02%
"2013-05-16,四",1.011,1.034,0.992,1.007,-0.30%,4.16%
"2013-05-17,五",1.005,1.027,0.998,1.017,0.99%,2.88%
"2013-05-20,一",1.017,1.05,1.016,1.048,3.05%,3.34%
"2013-05-21,二",1.047,1.074,1.04,1.073,2.39%,3.24%
"2013-05-22,三",1.072,1.072,1.031,1.039,-3.17%,3.82%
"2013-05-23,四",1.026,1.059,1.026,1.043,0.38%,3.18%
"2013-05-24,五",1.043,1.072,1.043,1.07,2.59%,2.78%
"2013-05-27,一",1.066,1.089,1.066,1.085,1.40%,2.15%
"2013-05-28,二",1.084,1.084,1.046,1.054,-2.86%,3.50%
"2013-05-29,三",1.053,1.064,1.047,1.064,0.95%,1.61%
"2013-05-30,四",1.059,1.075,1.053,1.068,0.38%,2.07%
"2013-05-31,五",1.066,1.084,1.063,1.067,-0.09%,1.97%
"2013-06-03,一",1.06,1.07,1.045,1.046,-1.97%,2.34%
"2013-06-04,二",1.046,1.046,1.007,1.02,-2.49%,3.73%
"2013-06-05,三",1.019,1.037,1.019,1.035,1.47%,1.76%
"2013-06-06,四",1.025,1.03,1.018,1.018,-1.64%,1.16%
"2013-06-07,五",1.02,1.038,1.014,1.032,1.38%,2.36%
"2013-06-13,四",1.018,1.028,0.981,1.024,-0.78%,4.55%
"2013-06-14,五",1.027,1.07,1.013,1.069,4.39%,5.57%
"2013-06-17,一",1.073,1.09,1.064,1.067,-0.19%,2.43%
"2013-06-18,二",1.067,1.076,1.047,1.068,0.09%,2.72%
"2013-06-19,三",1.06,1.069,1.049,1.064,-0.37%,1.87%
"2013-06-20,四",1.055,1.067,1.023,1.023,-3.85%,4.14%
"2013-06-21,五",1,1.032,0.985,1.027,0.39%,4.59%
"2013-06-24,一",1.016,1.018,0.954,0.963,-6.23%,6.23%
"2013-06-25,二",0.946,0.994,0.902,0.986,2.39%,9.55%
"2013-06-26,三",0.982,1.045,0.978,1.045,5.98%,6.80%
"2013-06-27,四",1.045,1.064,1.016,1.02,-2.39%,4.59%
"2013-06-28,五",1.003,1.044,0.996,1.003,-1.67%,4.71%
"2013-07-01,一",1.002,1.06,1,1.06,5.68%,5.98%
"2013-07-02,二",1.059,1.084,1.055,1.083,2.17%,2.74%
"2013-07-03,三",1.072,1.107,1.06,1.1,1.57%,4.34%
"2013-07-04,四",1.093,1.103,1.082,1.087,-1.18%,1.91%
"2013-07-05,五",1.086,1.089,1.052,1.052,-3.22%,3.40%
"2013-07-08,一",1.024,1.055,1.011,1.027,-2.38%,4.18%
"2013-07-09,二",1.026,1.052,1.02,1.048,2.04%,3.12%
"2013-07-10,三",1.046,1.069,1.044,1.069,2.00%,2.39%
"2013-07-11,四",1.068,1.082,1.05,1.082,1.22%,2.99%
"2013-07-12,五",1.081,1.119,1.075,1.092,0.92%,4.07%
"2013-07-15,一",1.088,1.14,1.088,1.138,4.21%,4.76%
"2013-07-16,二",1.14,1.15,1.126,1.137,-0.09%,2.11%
"2013-07-17,三",1.135,1.147,1.115,1.126,-0.97%,2.81%
"2013-07-18,四",1.119,1.136,1.111,1.124,-0.18%,2.22%
"2013-07-19,五",1.124,1.153,1.106,1.106,-1.60%,4.18%
"2013-07-22,一",1.099,1.154,1.099,1.154,4.34%,4.97%
"2013-07-23,二",1.156,1.18,1.156,1.173,1.65%,2.08%
"2013-07-24,三",1.174,1.203,1.17,1.2,2.30%,2.81%
"2013-07-25,四",1.198,1.2,1.14,1.147,-4.42%,5.00%
"2013-07-26,五",1.14,1.156,1.122,1.152,0.44%,2.96%
"2013-07-29,一",1.143,1.158,1.123,1.124,-2.43%,3.04%
"2013-07-30,二",1.124,1.135,1.084,1.11,-1.25%,4.54%
"2013-07-31,三",1.111,1.13,1.103,1.122,1.08%,2.43%
"2013-08-01,四",1.123,1.182,1.121,1.177,4.90%,5.44%
"2013-08-02,五",1.182,1.193,1.168,1.169,-0.68%,2.12%
"2013-08-05,一",1.167,1.193,1.166,1.193,2.05%,2.31%
"2013-08-06,二",1.186,1.206,1.184,1.196,0.25%,1.84%
"2013-08-07,三",1.196,1.196,1.158,1.162,-2.84%,3.18%
"2013-08-08,四",1.155,1.184,1.151,1.171,0.77%,2.84%
"2013-08-09,五",1.171,1.181,1.137,1.161,-0.85%,3.76%
"2013-08-12,一",1.159,1.172,1.132,1.152,-0.78%,3.45%
"2013-08-13,二",1.153,1.169,1.138,1.163,0.95%,2.69%
"2013-08-14,三",1.16,1.172,1.145,1.172,0.77%,2.32%
"2013-08-15,四",1.165,1.172,1.151,1.151,-1.79%,1.79%
"2013-08-16,五",1.142,1.163,1.117,1.117,-2.95%,4.00%
"2013-08-19,一",1.112,1.164,1.11,1.164,4.21%,4.83%
"2013-08-20,二",1.16,1.168,1.15,1.16,-0.34%,1.55%
"2013-08-21,三",1.159,1.172,1.155,1.164,0.34%,1.47%
"2013-08-22,四",1.163,1.191,1.163,1.181,1.46%,2.41%
"2013-08-23,五",1.186,1.211,1.173,1.198,1.44%,3.22%
"2013-08-26,一",1.202,1.226,1.2,1.22,1.84%,2.17%
"2013-08-27,二",1.218,1.233,1.207,1.229,0.74%,2.13%
"2013-08-28,三",1.225,1.234,1.207,1.209,-1.63%,2.20%
"2013-08-29,四",1.207,1.219,1.2,1.207,-0.17%,1.57%
"2013-08-30,五",1.201,1.207,1.162,1.171,-2.98%,3.73%
"2013-09-02,一",1.17,1.197,1.164,1.197,2.22%,2.82%
"2013-09-03,二",1.196,1.217,1.195,1.214,1.42%,1.84%
"2013-09-04,三",1.214,1.228,1.208,1.215,0.08%,1.65%
"2013-09-05,四",1.215,1.25,1.211,1.248,2.72%,3.21%
"2013-09-06,五",1.248,1.269,1.235,1.262,1.12%,2.72%
"2013-09-09,一",1.262,1.265,1.236,1.255,-0.55%,2.30%
"2013-09-10,二",1.253,1.259,1.233,1.244,-0.88%,2.07%
"2013-09-11,三",1.242,1.242,1.197,1.202,-3.38%,3.62%
"2013-09-12,四",1.201,1.219,1.189,1.207,0.42%,2.50%
"2013-09-13,五",1.21,1.242,1.188,1.235,2.32%,4.47%
"2013-09-16,一",1.231,1.276,1.231,1.257,1.78%,3.64%
"2013-09-17,二",1.254,1.265,1.245,1.246,-0.88%,1.59%
"2013-09-18,三",1.246,1.272,1.241,1.265,1.52%,2.49%
"2013-09-23,一",1.266,1.306,1.266,1.3,2.77%,3.16%
"2013-09-24,二",1.303,1.318,1.288,1.305,0.38%,2.31%
"2013-09-25,三",1.303,1.324,1.296,1.299,-0.46%,2.15%
"2013-09-26,四",1.296,1.312,1.277,1.281,-1.39%,2.69%
"2013-09-27,五",1.28,1.31,1.28,1.308,2.11%,2.34%
"2013-09-30,一",1.314,1.35,1.31,1.346,2.91%,3.06%
"2013-10-08,二",1.35,1.365,1.337,1.36,1.04%,2.08%
"2013-10-09,三",1.356,1.393,1.352,1.39,2.21%,3.01%
"2013-10-10,四",1.395,1.399,1.348,1.349,-2.95%,3.67%
"2013-10-11,五",1.35,1.363,1.333,1.36,0.82%,2.22%
"2013-10-14,一",1.36,1.373,1.345,1.373,0.96%,2.06%
"2013-10-15,二",1.372,1.387,1.353,1.365,-0.58%,2.48%
"2013-10-16,三",1.365,1.367,1.301,1.312,-3.88%,4.84%
"2013-10-17,四",1.314,1.335,1.294,1.299,-0.99%,3.13%
"2013-10-18,五",1.301,1.332,1.301,1.332,2.54%,2.39%
"2013-10-21,一",1.333,1.379,1.333,1.376,3.30%,3.45%
"2013-10-22,二",1.373,1.382,1.318,1.318,-4.22%,4.65%
"2013-10-23,三",1.313,1.313,1.268,1.289,-2.20%,3.41%
"2013-10-24,四",1.28,1.295,1.264,1.268,-1.63%,2.40%
"2013-10-25,五",1.267,1.283,1.231,1.252,-1.26%,4.10%
"2013-10-28,一",1.252,1.264,1.237,1.255,0.24%,2.16%
"2013-10-29,二",1.251,1.269,1.184,1.234,-1.67%,6.77%
"2013-10-30,三",1.233,1.252,1.223,1.252,1.46%,2.35%
"2013-10-31,四",1.243,1.245,1.207,1.211,-3.27%,3.04%
"2013-11-01,五",1.206,1.21,1.176,1.199,-0.99%,2.81%
"2013-11-04,一",1.195,1.219,1.19,1.202,0.25%,2.42%
"2013-11-05,二",1.192,1.238,1.183,1.236,2.83%,4.58%
"2013-11-06,三",1.23,1.254,1.219,1.22,-1.29%,2.83%
"2013-11-07,四",1.211,1.227,1.197,1.2,-1.64%,2.46%
"2013-11-08,五",1.188,1.204,1.181,1.189,-0.92%,1.92%
"2013-11-11,一",1.185,1.203,1.168,1.19,0.08%,2.94%
"2013-11-12,二",1.19,1.215,1.186,1.206,1.34%,2.44%
"2013-11-13,三",1.2,1.214,1.188,1.189,-1.41%,2.16%
"2013-11-14,四",1.18,1.23,1.178,1.225,3.03%,4.37%
"2013-11-15,五",1.227,1.264,1.225,1.247,1.80%,3.18%
"2013-11-18,一",1.251,1.273,1.249,1.268,1.68%,1.92%
"2013-11-19,二",1.267,1.288,1.262,1.276,0.63%,2.05%
"2013-11-20,三",1.275,1.279,1.258,1.274,-0.16%,1.65%
"2013-11-21,四",1.265,1.281,1.263,1.272,-0.16%,1.41%
"2013-11-22,五",1.269,1.278,1.258,1.268,-0.31%,1.57%
"2013-11-25,一",1.26,1.281,1.259,1.272,0.32%,1.74%
"2013-11-26,二",1.263,1.275,1.255,1.265,-0.55%,1.57%
"2013-11-27,三",1.262,1.315,1.262,1.308,3.40%,4.19%
"2013-11-28,四",1.308,1.318,1.302,1.311,0.23%,1.22%
"2013-11-29,五",1.31,1.344,1.308,1.341,2.29%,2.75%
"2013-12-02,一",1.27,1.293,1.207,1.208,-9.92%,6.41%
"2013-12-03,二",1.181,1.237,1.176,1.227,1.57%,5.05%
"2013-12-04,三",1.219,1.254,1.212,1.22,-0.57%,3.42%
"2013-12-05,四",1.208,1.213,1.178,1.18,-3.28%,2.87%
"2013-12-06,五",1.176,1.194,1.172,1.186,0.51%,1.86%
"2013-12-09,一",1.187,1.219,1.186,1.217,2.61%,2.78%
"2013-12-10,二",1.22,1.227,1.203,1.208,-0.74%,1.97%
"2013-12-11,三",1.205,1.233,1.203,1.228,1.66%,2.48%
"2013-12-12,四",1.221,1.261,1.218,1.252,1.95%,3.50%
"2013-12-13,五",1.243,1.262,1.243,1.251,-0.08%,1.52%
"2013-12-16,一",1.252,1.269,1.24,1.255,0.32%,2.32%
"2013-12-17,二",1.251,1.256,1.223,1.239,-1.27%,2.63%
"2013-12-18,三",1.24,1.241,1.22,1.228,-0.89%,1.69%
"2013-12-19,四",1.23,1.258,1.229,1.234,0.49%,2.36%
"2013-12-20,五",1.232,1.242,1.221,1.23,-0.32%,1.70%
"2013-12-23,一",1.225,1.229,1.2,1.215,-1.22%,2.36%
"2013-12-24,二",1.215,1.242,1.21,1.236,1.73%,2.63%
"2013-12-25,三",1.238,1.266,1.23,1.262,2.10%,2.91%
"2013-12-26,四",1.261,1.269,1.238,1.243,-1.51%,2.46%
"2013-12-27,五",1.236,1.275,1.236,1.273,2.41%,3.14%
"2013-12-30,一",1.273,1.281,1.266,1.28,0.55%,1.18%
"2013-12-31,二",1.277,1.282,1.26,1.274,-0.47%,1.72%
"2014-01-02,四",1.273,1.307,1.273,1.306,2.51%,2.67%
"2014-01-03,五",1.3,1.328,1.298,1.325,1.45%,2.30%
"2014-01-06,一",1.324,1.326,1.292,1.299,-1.96%,2.57%
"2014-01-07,二",1.29,1.328,1.285,1.324,1.92%,3.31%
"2014-01-08,三",1.342,1.384,1.332,1.375,3.85%,3.93%
"2014-01-09,四",1.37,1.394,1.343,1.348,-1.96%,3.71%
"2014-01-10,五",1.338,1.362,1.318,1.324,-1.78%,3.26%
"2014-01-13,一",1.323,1.35,1.321,1.336,0.91%,2.19%
"2014-01-14,二",1.336,1.377,1.33,1.377,3.07%,3.52%
"2014-01-15,三",1.378,1.395,1.371,1.39,0.94%,1.74%
"2014-01-16,四",1.387,1.399,1.362,1.371,-1.37%,2.66%
"2014-01-17,五",1.365,1.383,1.36,1.367,-0.29%,1.68%
"2014-01-20,一",1.361,1.371,1.332,1.342,-1.83%,2.85%
"2014-01-21,二",1.34,1.381,1.339,1.381,2.91%,3.13%
"2014-01-22,三",1.384,1.403,1.375,1.399,1.30%,2.03%
"2014-01-23,四",1.4,1.443,1.4,1.43,2.22%,3.07%
"2014-01-24,五",1.424,1.464,1.422,1.453,1.61%,2.94%
"2014-01-27,一",1.448,1.469,1.43,1.445,-0.55%,2.68%
"2014-01-28,二",1.443,1.453,1.413,1.441,-0.28%,2.77%
"2014-01-29,三",1.441,1.466,1.435,1.466,1.73%,2.15%
"2014-01-30,四",1.464,1.48,1.448,1.463,-0.20%,2.18%
"2014-02-07,五",1.451,1.5,1.45,1.498,2.39%,3.42%
"2014-02-10,一",1.505,1.523,1.491,1.516,1.20%,2.14%
"2014-02-11,二",1.515,1.526,1.473,1.492,-1.58%,3.50%
"2014-02-12,三",1.488,1.508,1.478,1.506,0.94%,2.01%
"2014-02-13,四",1.499,1.508,1.45,1.45,-3.72%,3.85%
"2014-02-14,五",1.449,1.481,1.441,1.479,2.00%,2.76%
"2014-02-17,一",1.483,1.523,1.483,1.521,2.84%,2.70%
"2014-02-18,二",1.521,1.524,1.5,1.507,-0.92%,1.58%
"2014-02-19,三",1.505,1.513,1.487,1.506,-0.07%,1.73%
"2014-02-20,四",1.501,1.507,1.467,1.483,-1.53%,2.66%
"2014-02-21,五",1.47,1.49,1.467,1.483,0.00%,1.55%
"2014-02-24,一",1.481,1.507,1.472,1.505,1.48%,2.36%
"2014-02-25,二",1.505,1.534,1.421,1.432,-4.85%,7.51%
"2014-02-26,三",1.406,1.431,1.38,1.431,-0.07%,3.56%
"2014-02-27,四",1.432,1.461,1.373,1.385,-3.21%,6.15%
"2014-02-28,五",1.38,1.405,1.36,1.4,1.08%,3.25%
"2014-03-03,一",1.4,1.433,1.39,1.43,2.14%,3.07%
"2014-03-04,二",1.42,1.438,1.408,1.421,-0.63%,2.10%
"2014-03-05,三",1.425,1.433,1.414,1.427,0.42%,1.34%
"2014-03-06,四",1.418,1.427,1.389,1.426,-0.07%,2.66%
"2014-03-07,五",1.425,1.441,1.413,1.428,0.14%,1.96%
"2014-03-10,一",1.408,1.408,1.368,1.37,-4.06%,2.80%
"2014-03-11,二",1.367,1.376,1.346,1.363,-0.51%,2.19%
"2014-03-12,三",1.358,1.382,1.344,1.364,0.07%,2.79%
"2014-03-13,四",1.365,1.407,1.363,1.405,3.01%,3.23%
"2014-03-14,五",1.396,1.412,1.387,1.398,-0.50%,1.78%
"2014-03-17,一",1.401,1.441,1.395,1.438,2.86%,3.29%
"2014-03-18,二",1.441,1.456,1.439,1.444,0.42%,1.18%
"2014-03-19,三",1.44,1.444,1.418,1.427,-1.18%,1.80%
"2014-03-20,四",1.426,1.429,1.38,1.382,-3.15%,3.43%
"2014-03-21,五",1.373,1.39,1.346,1.382,0.00%,3.18%
"2014-03-24,一",1.375,1.382,1.351,1.359,-1.66%,2.24%
"2014-03-25,二",1.354,1.376,1.346,1.359,0.00%,2.21%
"2014-03-26,三",1.36,1.389,1.36,1.385,1.91%,2.13%
"2014-03-27,四",1.375,1.379,1.332,1.332,-3.83%,3.39%
"2014-03-28,五",1.326,1.33,1.283,1.292,-3.00%,3.53%
"2014-03-31,一",1.293,1.306,1.28,1.297,0.39%,2.01%
"2014-04-01,二",1.298,1.324,1.294,1.321,1.85%,2.31%
"2014-04-02,三",1.323,1.327,1.284,1.292,-2.20%,3.26%
"2014-04-03,四",1.29,1.311,1.285,1.294,0.15%,2.01%
"2014-04-04,五",1.29,1.315,1.28,1.314,1.55%,2.70%
"2014-04-08,二",1.295,1.318,1.291,1.318,0.30%,2.05%
"2014-04-09,三",1.316,1.344,1.316,1.336,1.37%,2.12%
"2014-04-10,四",1.34,1.363,1.339,1.347,0.82%,1.80%
"2014-04-11,五",1.342,1.342,1.318,1.329,-1.34%,1.78%
"2014-04-14,一",1.329,1.344,1.329,1.339,0.75%,1.13%
"2014-04-15,二",1.337,1.345,1.33,1.333,-0.45%,1.12%
"2014-04-16,三",1.327,1.335,1.317,1.328,-0.38%,1.35%
"2014-04-17,四",1.325,1.34,1.325,1.337,0.68%,1.13%
"2014-04-18,五",1.331,1.346,1.325,1.344,0.52%,1.57%
"2014-04-21,一",1.33,1.351,1.326,1.329,-1.12%,1.86%
"2014-04-22,二",1.326,1.335,1.286,1.303,-1.96%,3.69%
"2014-04-23,三",1.298,1.307,1.286,1.297,-0.46%,1.61%
"2014-04-24,四",1.295,1.3,1.271,1.284,-1.00%,2.24%
"2014-04-25,五",1.282,1.287,1.256,1.26,-1.87%,2.41%
"2014-04-28,一",1.255,1.258,1.225,1.228,-2.54%,2.62%
"2014-04-29,二",1.225,1.244,1.22,1.235,0.57%,1.95%
"2014-04-30,三",1.234,1.257,1.23,1.254,1.54%,2.19%
"2014-05-05,一",1.253,1.274,1.25,1.272,1.44%,1.91%
"2014-05-06,二",1.272,1.296,1.27,1.285,1.02%,2.04%
"2014-05-07,三",1.278,1.279,1.256,1.257,-2.18%,1.79%
"2014-05-08,四",1.251,1.273,1.248,1.252,-0.40%,1.99%
"2014-05-09,五",1.25,1.252,1.22,1.23,-1.76%,2.56%
"2014-05-12,一",1.236,1.252,1.222,1.252,1.79%,2.44%
"2014-05-13,二",1.251,1.264,1.24,1.245,-0.56%,1.92%
"2014-05-14,三",1.241,1.254,1.24,1.253,0.64%,1.12%
"2014-05-15,四",1.248,1.256,1.223,1.223,-2.39%,2.63%
"2014-05-16,五",1.218,1.227,1.186,1.202,-1.72%,3.35%
"2014-05-19,一",1.195,1.21,1.188,1.203,0.08%,1.83%
"2014-05-20,二",1.218,1.236,1.212,1.22,1.41%,2.00%
"2014-05-21,三",1.21,1.234,1.205,1.234,1.15%,2.38%
"2014-05-22,四",1.234,1.261,1.233,1.242,0.65%,2.27%
"2014-05-23,五",1.241,1.272,1.234,1.27,2.25%,3.06%
"2014-05-26,一",1.275,1.297,1.274,1.289,1.50%,1.81%
"2014-05-27,二",1.288,1.29,1.275,1.277,-0.93%,1.16%
"2014-05-28,三",1.278,1.314,1.275,1.314,2.90%,3.05%
"2014-05-29,四",1.314,1.321,1.285,1.287,-2.05%,2.74%
"2014-05-30,五",1.283,1.296,1.272,1.291,0.31%,1.86%
"2014-06-03,二",1.291,1.305,1.287,1.287,-0.31%,1.39%
"2014-06-04,三",1.285,1.295,1.275,1.295,0.62%,1.55%
"2014-06-05,四",1.294,1.329,1.29,1.325,2.32%,3.01%
"2014-06-06,五",1.326,1.335,1.312,1.321,-0.30%,1.74%
"2014-06-09,一",1.315,1.321,1.294,1.294,-2.04%,2.04%
"2014-06-10,二",1.299,1.329,1.287,1.324,2.32%,3.25%
"2014-06-11,三",1.318,1.343,1.316,1.337,0.98%,2.04%
"2014-06-12,四",1.337,1.347,1.326,1.334,-0.22%,1.57%
"2014-06-13,五",1.329,1.359,1.327,1.35,1.20%,2.40%
"2014-06-16,一",1.352,1.368,1.352,1.363,0.96%,1.19%
"2014-06-17,二",1.36,1.363,1.347,1.35,-0.95%,1.17%
"2014-06-18,三",1.351,1.355,1.33,1.337,-0.96%,1.85%
"2014-06-19,四",1.332,1.342,1.281,1.291,-3.44%,4.56%
"2014-06-20,五",1.29,1.307,1.285,1.305,1.08%,1.70%
"2014-06-23,一",1.305,1.337,1.305,1.332,2.07%,2.45%
"2014-06-24,二",1.329,1.344,1.327,1.342,0.75%,1.28%
"2014-06-25,三",1.341,1.341,1.317,1.328,-1.04%,1.79%
"2014-06-26,四",1.332,1.362,1.33,1.355,2.03%,2.41%
"2014-06-27,五",1.355,1.368,1.351,1.357,0.15%,1.25%
"2014-06-30,一",1.357,1.375,1.343,1.372,1.11%,2.36%
"2014-07-01,二",1.376,1.385,1.368,1.381,0.66%,1.24%
"2014-07-02,三",1.38,1.395,1.37,1.389,0.58%,1.81%
"2014-07-03,四",1.388,1.398,1.379,1.389,0.00%,1.37%
"2014-07-04,五",1.388,1.392,1.375,1.381,-0.58%,1.22%
"2014-07-07,一",1.375,1.378,1.35,1.364,-1.23%,2.03%
"2014-07-08,二",1.36,1.381,1.348,1.381,1.25%,2.42%
"2014-07-09,三",1.378,1.387,1.35,1.353,-2.03%,2.68%
"2014-07-10,四",1.351,1.359,1.33,1.332,-1.55%,2.14%
"2014-07-11,五",1.328,1.342,1.321,1.329,-0.23%,1.58%
"2014-07-14,一",1.329,1.338,1.313,1.338,0.68%,1.88%
"2014-07-15,二",1.334,1.336,1.303,1.311,-2.02%,2.47%
"2014-07-16,三",1.31,1.315,1.28,1.289,-1.68%,2.67%
"2014-07-17,四",1.287,1.296,1.276,1.282,-0.54%,1.55%
"2014-07-18,五",1.282,1.294,1.273,1.279,-0.23%,1.64%
"2014-07-21,一",1.28,1.287,1.26,1.278,-0.08%,2.11%
"2014-07-22,二",1.275,1.303,1.274,1.301,1.80%,2.27%
"2014-07-23,三",1.301,1.303,1.26,1.263,-2.92%,3.31%
"2014-07-24,四",1.261,1.263,1.228,1.242,-1.66%,2.77%
"2014-07-25,五",1.242,1.261,1.237,1.257,1.21%,1.93%
"2014-07-28,一",1.258,1.288,1.255,1.285,2.23%,2.63%
"2014-07-29,二",1.287,1.309,1.281,1.3,1.17%,2.18%
"2014-07-30,三",1.298,1.316,1.295,1.313,1.00%,1.62%
"2014-07-31,四",1.312,1.318,1.302,1.313,0.00%,1.22%
"2014-08-01,五",1.31,1.314,1.29,1.29,-1.75%,1.83%
"2014-08-04,一",1.285,1.302,1.285,1.299,0.70%,1.32%
"2014-08-05,二",1.301,1.335,1.289,1.332,2.54%,3.54%
"2014-08-06,三",1.326,1.338,1.321,1.335,0.23%,1.28%
"2014-08-07,四",1.334,1.351,1.329,1.332,-0.22%,1.65%
"2014-08-08,五",1.335,1.351,1.335,1.347,1.13%,1.20%
"2014-08-11,一",1.348,1.369,1.347,1.366,1.41%,1.63%
"2014-08-12,二",1.364,1.371,1.359,1.364,-0.15%,0.88%
"2014-08-13,三",1.36,1.364,1.336,1.35,-1.03%,2.05%
"2014-08-14,四",1.351,1.363,1.342,1.346,-0.30%,1.56%
"2014-08-15,五",1.346,1.36,1.344,1.36,1.04%,1.19%
"2014-08-18,一",1.36,1.396,1.36,1.396,2.65%,2.65%
"2014-08-19,二",1.402,1.414,1.391,1.404,0.57%,1.65%
"2014-08-20,三",1.418,1.418,1.385,1.392,-0.85%,2.35%
"2014-08-21,四",1.39,1.416,1.386,1.415,1.65%,2.16%
"2014-08-22,五",1.417,1.435,1.413,1.429,0.99%,1.55%
"2014-08-25,一",1.426,1.428,1.403,1.408,-1.47%,1.75%
"2014-08-26,二",1.403,1.41,1.371,1.377,-2.20%,2.77%
"2014-08-27,三",1.376,1.394,1.373,1.388,0.80%,1.53%
"2014-08-28,四",1.388,1.39,1.365,1.37,-1.30%,1.80%
"2014-08-29,五",1.371,1.396,1.37,1.394,1.75%,1.90%
"2014-09-01,一",1.395,1.421,1.395,1.417,1.65%,1.87%
"2014-09-02,二",1.422,1.432,1.414,1.43,0.92%,1.27%
"2014-09-03,三",1.428,1.443,1.422,1.439,0.63%,1.47%
"2014-09-04,四",1.437,1.46,1.434,1.457,1.25%,1.81%
"2014-09-05,五",1.456,1.466,1.442,1.46,0.21%,1.65%
"2014-09-09,二",1.453,1.458,1.438,1.458,-0.14%,1.37%
"2014-09-10,三",1.454,1.469,1.447,1.467,0.62%,1.51%
"2014-09-11,四",1.466,1.493,1.46,1.471,0.27%,2.25%
"2014-09-12,五",1.469,1.486,1.463,1.483,0.82%,1.56%
"2014-09-15,一",1.478,1.489,1.47,1.483,0.00%,1.28%
"2014-09-16,二",1.485,1.49,1.432,1.438,-3.03%,3.91%
"2014-09-17,三",1.439,1.442,1.418,1.44,0.14%,1.67%
"2014-09-18,四",1.439,1.457,1.433,1.456,1.11%,1.67%
"2014-09-19,五",1.457,1.465,1.447,1.46,0.27%,1.24%
"2014-09-22,一",1.452,1.454,1.44,1.442,-1.23%,0.96%
"2014-09-23,二",1.442,1.464,1.442,1.461,1.32%,1.53%
"2014-09-24,三",1.459,1.481,1.455,1.479,1.23%,1.78%
"2014-09-25,四",1.484,1.486,1.464,1.469,-0.68%,1.49%
"2014-09-26,五",1.462,1.474,1.461,1.472,0.20%,0.88%
"2014-09-29,一",1.472,1.489,1.472,1.489,1.15%,1.15%
"2014-09-30,二",1.488,1.501,1.483,1.5,0.74%,1.21%
"2014-10-08,三",1.501,1.517,1.493,1.515,1.00%,1.60%
"2014-10-09,四",1.515,1.524,1.496,1.519,0.26%,1.85%
"2014-10-10,五",1.513,1.52,1.502,1.512,-0.46%,1.18%
"2014-10-13,一",1.502,1.508,1.484,1.505,-0.46%,1.59%
"2014-10-14,二",1.503,1.521,1.49,1.493,-0.80%,2.06%
"2014-10-15,三",1.493,1.505,1.483,1.502,0.60%,1.47%
"2014-10-16,四",1.492,1.51,1.481,1.482,-1.33%,1.93%
"2014-10-17,五",1.482,1.488,1.441,1.47,-0.81%,3.17%
"2014-10-20,一",1.465,1.495,1.465,1.495,1.70%,2.04%
"2014-10-21,二",1.495,1.497,1.474,1.474,-1.40%,1.54%
"2014-10-22,三",1.47,1.487,1.46,1.464,-0.68%,1.83%
"2014-10-23,四",1.459,1.461,1.433,1.438,-1.78%,1.91%
"2014-10-24,五",1.439,1.455,1.435,1.441,0.21%,1.39%
"2014-10-27,一",1.438,1.453,1.429,1.453,0.83%,1.67%
"2014-10-28,二",1.456,1.485,1.455,1.483,2.06%,2.06%
"2014-10-29,三",1.488,1.494,1.481,1.489,0.40%,0.88%
"2014-10-30,四",1.489,1.497,1.479,1.481,-0.54%,1.21%
"2014-10-31,五",1.481,1.486,1.462,1.473,-0.54%,1.62%
"2014-11-03,一",1.475,1.493,1.471,1.491,1.22%,1.49%
"2014-11-04,二",1.491,1.496,1.47,1.47,-1.41%,1.74%
"2014-11-05,三",1.471,1.479,1.464,1.471,0.07%,1.02%
"2014-11-06,四",1.473,1.493,1.469,1.492,1.43%,1.63%
"2014-11-07,五",1.49,1.503,1.476,1.477,-1.01%,1.81%
"2014-11-10,一",1.48,1.483,1.462,1.476,-0.07%,1.42%
"2014-11-11,二",1.476,1.476,1.412,1.425,-3.46%,4.34%
"2014-11-12,三",1.423,1.441,1.418,1.44,1.05%,1.61%
"2014-11-13,四",1.433,1.433,1.395,1.407,-2.29%,2.64%
"2014-11-14,五",1.4,1.414,1.397,1.406,-0.07%,1.21%
"2014-11-17,一",1.401,1.439,1.398,1.432,1.85%,2.92%
"2014-11-18,二",1.43,1.445,1.425,1.441,0.63%,1.40%
"2014-11-19,三",1.447,1.469,1.446,1.464,1.60%,1.60%
"2014-11-20,四",1.458,1.459,1.425,1.451,-0.89%,2.32%
"2014-11-21,五",1.45,1.467,1.45,1.462,0.76%,1.17%
"2014-11-24,一",1.483,1.483,1.452,1.47,0.55%,2.12%
"2014-11-25,二",1.469,1.5,1.466,1.496,1.77%,2.31%
"2014-11-26,三",1.495,1.516,1.495,1.51,0.94%,1.40%
"2014-11-27,四",1.508,1.52,1.498,1.518,0.53%,1.46%
"2014-11-28,五",1.517,1.537,1.505,1.524,0.40%,2.11%
"2014-12-01,一",1.52,1.52,1.495,1.505,-1.25%,1.64%
"2014-12-02,二",1.497,1.523,1.497,1.517,0.80%,1.73%
"2014-12-03,三",1.517,1.56,1.486,1.559,2.77%,4.88%
"2014-12-04,四",1.563,1.586,1.553,1.579,1.28%,2.12%
"2014-12-05,五",1.57,1.57,1.492,1.529,-3.17%,4.94%
"2014-12-08,一",1.522,1.553,1.51,1.518,-0.72%,2.81%
"2014-12-09,二",1.509,1.53,1.46,1.464,-3.56%,4.61%
"2014-12-10,三",1.46,1.538,1.455,1.536,4.92%,5.67%
"2014-12-11,四",1.536,1.548,1.51,1.546,0.65%,2.47%
"2014-12-12,五",1.549,1.577,1.531,1.569,1.49%,2.98%
"2014-12-15,一",1.572,1.611,1.567,1.601,2.04%,2.80%
"2014-12-16,二",1.604,1.617,1.575,1.59,-0.69%,2.62%
"2014-12-17,三",1.58,1.6,1.559,1.595,0.31%,2.58%
"2014-12-18,四",1.582,1.61,1.572,1.577,-1.13%,2.38%
"2014-12-19,五",1.561,1.57,1.518,1.541,-2.28%,3.30%
"2014-12-22,一",1.534,1.534,1.465,1.47,-4.61%,4.48%
"2014-12-23,二",1.455,1.504,1.445,1.461,-0.61%,4.01%
"2014-12-24,三",1.468,1.482,1.45,1.48,1.30%,2.19%
"2014-12-25,四",1.475,1.486,1.463,1.48,0.00%,1.55%
"2014-12-26,五",1.475,1.493,1.475,1.488,0.54%,1.22%
"2014-12-29,一",1.489,1.489,1.446,1.463,-1.68%,2.89%
"2014-12-30,二",1.458,1.458,1.411,1.423,-2.73%,3.21%
"2014-12-31,三",1.426,1.438,1.413,1.43,0.49%,1.76%
"2015-01-05,一",1.424,1.432,1.393,1.424,-0.42%,2.73%
"2015-01-06,二",1.422,1.506,1.409,1.502,5.48%,6.81%
"2015-01-07,三",1.5,1.504,1.47,1.474,-1.86%,2.26%
"2015-01-08,四",1.467,1.518,1.467,1.493,1.29%,3.46%
"2015-01-09,五",1.485,1.536,1.48,1.503,0.67%,3.75%
"2015-01-12,一",1.495,1.542,1.475,1.54,2.46%,4.46%
"2015-01-13,二",1.538,1.562,1.526,1.551,0.71%,2.34%
"2015-01-14,三",1.546,1.554,1.526,1.536,-0.97%,1.81%
"2015-01-15,四",1.534,1.558,1.526,1.534,-0.13%,2.08%
"2015-01-16,五",1.528,1.596,1.528,1.592,3.78%,4.43%
"2015-01-19,一",1.576,1.637,1.548,1.579,-0.82%,5.59%
"2015-01-20,二",1.581,1.657,1.581,1.657,4.94%,4.81%
"2015-01-21,三",1.662,1.673,1.636,1.668,0.66%,2.23%
"2015-01-22,四",1.661,1.686,1.655,1.683,0.90%,1.86%
"2015-01-23,五",1.682,1.683,1.632,1.638,-2.67%,3.03%
"2015-01-26,一",1.639,1.686,1.639,1.686,2.93%,2.87%
"2015-01-27,二",1.686,1.698,1.651,1.688,0.12%,2.79%
"2015-01-28,三",1.672,1.7,1.662,1.668,-1.18%,2.25%
"2015-01-29,四",1.655,1.676,1.648,1.652,-0.96%,1.68%
"2015-01-30,五",1.651,1.661,1.614,1.623,-1.76%,2.85%
"2015-02-02,一",1.609,1.653,1.604,1.639,0.99%,3.02%
"2015-02-03,二",1.647,1.701,1.64,1.693,3.29%,3.72%
"2015-02-04,三",1.693,1.708,1.676,1.698,0.30%,1.89%
"2015-02-05,四",1.685,1.746,1.68,1.709,0.65%,3.89%
"2015-02-06,五",1.708,1.719,1.661,1.661,-2.81%,3.39%
"2015-02-09,一",1.661,1.693,1.642,1.645,-0.96%,3.07%
"2015-02-10,二",1.64,1.687,1.638,1.685,2.43%,2.98%
"2015-02-11,三",1.684,1.717,1.681,1.705,1.19%,2.14%
"2015-02-12,四",1.706,1.734,1.706,1.72,0.88%,1.64%
"2015-02-13,五",1.728,1.763,1.725,1.761,2.38%,2.21%
"2015-02-16,一",1.767,1.83,1.766,1.83,3.92%,3.63%
"2015-02-17,二",1.839,1.839,1.798,1.82,-0.55%,2.24%
"2015-02-25,三",1.825,1.837,1.795,1.803,-0.93%,2.31%
"2015-02-26,四",1.803,1.823,1.78,1.814,0.61%,2.38%
"2015-02-27,五",1.812,1.863,1.809,1.863,2.70%,2.98%
"2015-03-02,一",1.868,1.918,1.863,1.914,2.74%,2.95%
"2015-03-03,二",1.913,1.929,1.882,1.883,-1.62%,2.46%
"2015-03-04,三",1.881,1.942,1.881,1.94,3.03%,3.24%
"2015-03-05,四",1.94,1.958,1.919,1.938,-0.10%,2.01%
"2015-03-06,五",1.937,1.939,1.872,1.88,-2.99%,3.46%
"2015-03-09,一",1.855,1.928,1.855,1.927,2.50%,3.88%
"2015-03-10,二",1.92,1.974,1.914,1.972,2.34%,3.11%
"2015-03-11,三",1.971,1.977,1.94,1.96,-0.61%,1.88%
"2015-03-12,四",1.953,1.976,1.908,1.94,-1.02%,3.47%
"2015-03-13,五",1.945,1.996,1.932,1.992,2.68%,3.30%
"2015-03-16,一",2.005,2.07,2.001,2.061,3.46%,3.46%
"2015-03-17,二",2.063,2.08,2.035,2.053,-0.39%,2.18%
"2015-03-18,三",2.049,2.104,2.037,2.099,2.24%,3.26%
"2015-03-19,四",2.09,2.103,2.07,2.095,-0.19%,1.57%
"2015-03-20,五",2.094,2.145,2.091,2.126,1.48%,2.58%
"2015-03-23,一",2.13,2.209,2.126,2.206,3.76%,3.90%
"2015-03-24,二",2.21,2.286,2.156,2.273,3.04%,5.89%
"2015-03-25,三",2.269,2.311,2.248,2.288,0.66%,2.77%
"2015-03-26,四",2.26,2.278,2.17,2.19,-4.28%,4.72%
"2015-03-27,五",2.18,2.233,2.17,2.228,1.74%,2.88%
"2015-03-30,一",2.21,2.236,2.165,2.193,-1.57%,3.19%
"2015-03-31,二",2.19,2.264,2.19,2.247,2.46%,3.37%
"2015-04-01,三",2.241,2.301,2.24,2.296,2.18%,2.71%
"2015-04-02,四",2.33,2.377,2.306,2.369,3.18%,3.09%
"2015-04-03,五",2.357,2.406,2.347,2.391,0.93%,2.49%
"2015-04-07,二",2.402,2.443,2.39,2.438,1.97%,2.22%
"2015-04-08,三",2.439,2.444,2.328,2.377,-2.50%,4.76%
"2015-04-09,四",2.346,2.48,2.24,2.466,3.74%,10.10%
"2015-04-10,五",2.361,2.453,2.341,2.424,-1.70%,4.54%
"2015-04-13,一",2.435,2.476,2.4,2.451,1.11%,3.14%
"2015-04-14,二",2.455,2.476,2.4,2.44,-0.45%,3.10%
"2015-04-15,三",2.43,2.437,2.32,2.33,-4.51%,4.80%
"2015-04-16,四",2.309,2.423,2.304,2.375,1.93%,5.11%
"2015-04-17,五",2.391,2.405,2.345,2.368,-0.29%,2.53%
"2015-04-20,一",2.355,2.395,2.305,2.318,-2.11%,3.80%
"2015-04-21,二",2.33,2.496,2.33,2.496,7.68%,7.16%
"2015-04-22,三",2.497,2.55,2.497,2.524,1.12%,2.12%
"2015-04-23,四",2.53,2.611,2.53,2.598,2.93%,3.21%
"2015-04-24,五",2.566,2.652,2.558,2.645,1.81%,3.62%
"2015-04-27,一",2.67,2.7,2.623,2.65,0.19%,2.91%
"2015-04-28,二",2.67,2.693,2.555,2.583,-2.53%,5.21%
"2015-04-29,三",2.561,2.723,2.561,2.723,5.42%,6.27%
"2015-04-30,四",2.72,2.81,2.709,2.748,0.92%,3.71%
"2015-05-04,一",2.758,2.777,2.691,2.74,-0.29%,3.13%
"2015-05-05,二",2.731,2.737,2.641,2.67,-2.55%,3.50%
"2015-05-06,三",2.7,2.845,2.7,2.738,2.55%,5.43%
"2015-05-07,四",2.71,2.766,2.68,2.686,-1.90%,3.14%
"2015-05-08,五",2.72,2.91,2.72,2.893,7.71%,7.07%
"2015-05-11,一",2.908,3.078,2.866,3.05,5.43%,7.33%
"2015-05-12,二",3.063,3.147,3.002,3.129,2.59%,4.75%
"2015-05-13,三",3.05,3.115,2.987,3.036,-2.97%,4.09%
"2015-05-14,四",3.03,3.095,2.999,3.008,-0.92%,3.16%
"2015-05-15,五",2.971,3.05,2.928,3.016,0.27%,4.06%
"2015-05-18,一",3.043,3.157,3.043,3.157,4.68%,3.78%
"2015-05-19,二",3.176,3.208,3.064,3.185,0.89%,4.56%
"2015-05-20,三",3.192,3.339,3.192,3.264,2.48%,4.62%
"2015-05-21,四",3.27,3.411,3.27,3.41,4.47%,4.32%
"2015-05-22,五",3.456,3.499,3.3,3.382,-0.82%,5.84%
"2015-05-25,一",3.271,3.355,3.225,3.327,-1.63%,3.84%
"2015-05-26,二",3.313,3.465,3.31,3.463,4.09%,4.66%
"2015-05-27,三",3.475,3.5,3.377,3.463,0.00%,3.55%
"2015-05-28,四",3.445,3.508,3.265,3.29,-5.00%,7.02%
"2015-05-29,五",3.3,3.437,3.158,3.384,2.86%,8.48%
"2015-06-01,一",3.398,3.568,3.398,3.568,5.44%,5.02%
"2015-06-02,二",3.583,3.769,3.567,3.768,5.61%,5.66%
"2015-06-03,三",3.772,3.828,3.654,3.79,0.58%,4.62%
"2015-06-04,四",3.798,3.825,3.51,3.751,-1.03%,8.31%
"2015-06-05,五",3.801,3.845,3.645,3.703,-1.28%,5.33%
"2015-06-08,一",3.65,3.679,3.418,3.533,-4.59%,7.05%
"2015-06-09,二",3.475,3.61,3.46,3.526,-0.20%,4.25%
"2015-06-10,三",3.505,3.704,3.484,3.66,3.80%,6.24%
"2015-06-11,四",3.652,3.69,3.62,3.666,0.16%,1.91%
"2015-06-12,五",3.692,3.729,3.657,3.704,1.04%,1.96%
"2015-06-15,一",3.712,3.725,3.492,3.512,-5.18%,6.29%
"2015-06-16,二",3.45,3.475,3.295,3.402,-3.13%,5.13%
"2015-06-17,三",3.39,3.55,3.327,3.545,4.20%,6.55%
"2015-06-18,四",3.545,3.558,3.3,3.32,-6.35%,7.28%
"2015-06-19,五",3.22,3.313,3.142,3.15,-5.12%,5.15%
"2015-06-23,二",3.15,3.302,2.951,3.208,1.84%,11.14%
"2015-06-24,三",3.22,3.276,3.13,3.199,-0.28%,4.55%
"2015-06-25,四",3.215,3.223,3.017,3.03,-5.28%,6.44%
"2015-06-26,五",2.947,2.948,2.727,2.767,-8.68%,7.29%
"2015-06-29,一",2.76,2.786,2.49,2.49,-10.01%,10.70%
"2015-06-30,二",2.44,2.739,2.25,2.733,9.76%,19.64%
"2015-07-01,三",2.66,2.843,2.56,2.56,-6.33%,10.35%
"2015-07-02,四",2.55,2.669,2.321,2.47,-3.52%,13.59%
"2015-07-03,五",2.4,2.64,2.296,2.457,-0.53%,13.93%
"2015-07-06,一",2.7,2.7,2.228,2.33,-5.17%,19.21%
"2015-07-07,二",2.245,2.252,2.097,2.097,-10.00%,6.65%
"2015-07-08,三",1.887,2.027,1.887,1.899,-9.44%,6.68%
"2015-07-09,四",1.901,2.089,1.898,2.089,10.01%,10.06%
"2015-07-10,五",2.29,2.298,2.241,2.298,10.00%,2.73%
"2015-07-13,一",2.524,2.528,2.42,2.528,10.01%,4.70%
"2015-07-14,二",2.5,2.781,2.492,2.657,5.10%,11.43%
"2015-07-15,三",2.607,2.612,2.4,2.405,-9.48%,7.98%
"2015-07-16,四",2.302,2.574,2.261,2.489,3.49%,13.01%
"2015-07-17,五",2.515,2.725,2.499,2.688,8.00%,9.08%
"2015-07-20,一",2.67,2.78,2.62,2.69,0.07%,5.95%
"2015-07-21,二",2.64,2.758,2.625,2.707,0.63%,4.94%
"2015-07-22,三",2.715,2.779,2.651,2.754,1.74%,4.73%
"2015-07-23,四",2.748,2.833,2.712,2.82,2.40%,4.39%
"2015-07-24,五",2.819,2.858,2.682,2.74,-2.84%,6.24%
"2015-07-27,一",2.67,2.759,2.466,2.466,-10.00%,10.69%
"2015-07-28,二",2.38,2.559,2.328,2.395,-2.88%,9.37%
"2015-07-29,三",2.441,2.573,2.253,2.573,7.43%,13.36%
"2015-07-30,四",2.52,2.564,2.399,2.4,-6.72%,6.41%
"2015-07-31,五",2.36,2.47,2.309,2.368,-1.33%,6.71%
"2015-08-03,一",2.325,2.355,2.221,2.24,-5.41%,5.66%
"2015-08-04,二",2.256,2.445,2.245,2.442,9.02%,8.93%
"2015-08-05,三",2.417,2.448,2.321,2.358,-3.44%,5.20%
"2015-08-06,四",2.295,2.382,2.282,2.35,-0.34%,4.24%
"2015-08-07,五",2.386,2.46,2.368,2.459,4.64%,3.91%
"2015-08-10,一",2.475,2.645,2.46,2.622,6.63%,7.52%
"2015-08-11,二",2.614,2.619,2.533,2.565,-2.17%,3.28%
"2015-08-12,三",2.52,2.568,2.487,2.489,-2.96%,3.16%
"2015-08-13,四",2.483,2.562,2.442,2.558,2.77%,4.82%
"2015-08-14,五",2.58,2.59,2.523,2.525,-1.29%,2.62%
"2015-08-17,一",2.52,2.556,2.474,2.505,-0.79%,3.25%
"2015-08-18,二",2.531,2.585,2.29,2.343,-6.47%,11.78%
"2015-08-19,三",2.282,2.445,2.226,2.422,3.37%,9.35%
"2015-08-20,四",2.415,2.47,2.36,2.362,-2.48%,4.54%
"2015-08-21,五",2.328,2.344,2.22,2.226,-5.76%,5.25%
"2015-08-24,一",2.112,2.124,2.003,2.003,-10.02%,5.44%
"2015-08-25,二",1.859,1.903,1.803,1.803,-9.99%,4.99%
"2015-08-26,三",1.78,1.892,1.715,1.74,-3.49%,9.82%
"2015-08-27,四",1.78,1.825,1.702,1.801,3.51%,7.07%
"2015-08-28,五",1.825,1.955,1.785,1.941,7.77%,9.44%
"2015-08-31,一",1.901,1.909,1.811,1.83,-5.72%,5.05%
"2015-09-01,二",1.797,1.81,1.719,1.725,-5.74%,4.97%
"2015-09-02,三",1.646,1.804,1.638,1.69,-2.03%,9.62%
"2015-09-07,一",1.741,1.825,1.726,1.763,4.32%,5.86%
"2015-09-08,二",1.745,1.888,1.723,1.888,7.09%,9.36%
"2015-09-09,三",1.91,1.975,1.88,1.943,2.91%,5.03%
"2015-09-10,四",1.895,1.945,1.879,1.899,-2.26%,3.40%
"2015-09-11,五",1.905,1.942,1.89,1.922,1.21%,2.74%
"2015-09-14,一",1.926,1.937,1.73,1.73,-9.99%,10.77%
"2015-09-15,二",1.687,1.734,1.621,1.633,-5.61%,6.53%
"2015-09-16,三",1.655,1.796,1.65,1.796,9.98%,8.94%
"2015-09-17,四",1.808,1.868,1.75,1.763,-1.84%,6.57%
"2015-09-18,五",1.775,1.843,1.737,1.825,3.52%,6.01%
"2015-09-21,一",1.796,1.965,1.77,1.965,7.67%,10.68%
"2015-09-22,二",1.965,2.004,1.903,1.939,-1.32%,5.14%
"2015-09-23,三",1.874,1.958,1.874,1.915,-1.24%,4.33%
"2015-09-24,四",1.936,1.982,1.91,1.933,0.94%,3.76%
"2015-09-25,五",1.924,1.933,1.803,1.845,-4.55%,6.73%
"2015-09-28,一",1.849,1.983,1.81,1.979,7.26%,9.38%
"2015-09-29,二",1.935,1.977,1.911,1.952,-1.36%,3.34%
"2015-09-30,三",1.963,1.976,1.89,1.932,-1.02%,4.41%
"2015-10-08,四",2.035,2.095,1.993,2.08,7.66%,5.28%
"2015-10-09,五",2.06,2.121,2.056,2.103,1.11%,3.13%
"2015-10-12,一",2.113,2.266,2.103,2.22,5.56%,7.75%
"2015-10-13,二",2.185,2.242,2.177,2.226,0.27%,2.93%
"2015-10-14,三",2.22,2.228,2.17,2.182,-1.98%,2.61%
"2015-10-15,四",2.173,2.303,2.163,2.298,5.32%,6.42%
"2015-10-16,五",2.307,2.34,2.267,2.329,1.35%,3.18%
"2015-10-19,一",2.328,2.336,2.259,2.294,-1.50%,3.31%
"2015-10-20,二",2.28,2.391,2.28,2.391,4.23%,4.84%
"2015-10-21,三",2.39,2.401,2.215,2.22,-7.15%,7.78%
"2015-10-22,四",2.225,2.348,2.225,2.348,5.77%,5.54%
"2015-10-23,五",2.353,2.437,2.326,2.427,3.36%,4.73%
"2015-10-26,一",2.443,2.445,2.366,2.398,-1.19%,3.26%
"2015-10-27,二",2.366,2.474,2.296,2.444,1.92%,7.42%
"2015-10-28,三",2.409,2.455,2.351,2.36,-3.44%,4.26%
"2015-10-29,四",2.37,2.409,2.313,2.352,-0.34%,4.07%
"2015-10-30,五",2.346,2.404,2.308,2.349,-0.13%,4.08%
"2015-11-02,一",2.273,2.386,2.273,2.311,-1.62%,4.81%
"2015-11-03,二",2.303,2.33,2.281,2.305,-0.26%,2.12%
"2015-11-04,三",2.323,2.491,2.323,2.489,7.98%,7.29%
"2015-11-05,四",2.485,2.508,2.421,2.443,-1.85%,3.50%
"2015-11-06,五",2.444,2.558,2.444,2.548,4.30%,4.67%
"2015-11-09,一",2.521,2.617,2.478,2.583,1.37%,5.46%
"2015-11-10,二",2.558,2.64,2.558,2.609,1.01%,3.17%
"2015-11-11,三",2.603,2.68,2.59,2.68,2.72%,3.45%
"2015-11-12,四",2.674,2.688,2.605,2.648,-1.19%,3.10%
"2015-11-13,五",2.606,2.63,2.548,2.58,-2.57%,3.10%
"2015-11-16,一",2.523,2.67,2.52,2.67,3.49%,5.81%
"2015-11-17,二",2.688,2.699,2.555,2.569,-3.78%,5.39%
"2015-11-18,三",2.575,2.594,2.511,2.516,-2.06%,3.23%
"2015-11-19,四",2.526,2.63,2.526,2.624,4.29%,4.13%
"2015-11-20,五",2.624,2.666,2.606,2.645,0.80%,2.29%
"2015-11-23,一",2.628,2.684,2.601,2.619,-0.98%,3.14%
"2015-11-24,二",2.61,2.665,2.593,2.663,1.68%,2.75%
"2015-11-25,三",2.654,2.755,2.65,2.746,3.12%,3.94%
"2015-11-26,四",2.748,2.754,2.672,2.674,-2.62%,2.99%
"2015-11-27,五",2.655,2.685,2.471,2.496,-6.66%,8.00%
"2015-11-30,一",2.505,2.538,2.369,2.52,0.96%,6.77%
"2015-12-01,二",2.51,2.545,2.449,2.507,-0.52%,3.81%
"2015-12-02,三",2.494,2.511,2.384,2.454,-2.11%,5.07%
"2015-12-03,四",2.461,2.563,2.46,2.561,4.36%,4.20%
"2015-12-04,五",2.54,2.585,2.512,2.53,-1.21%,2.85%
"2015-12-07,一",2.534,2.591,2.527,2.571,1.62%,2.53%
"2015-12-08,二",2.556,2.571,2.516,2.531,-1.56%,2.14%
"2015-12-09,三",2.515,2.54,2.493,2.51,-0.83%,1.86%
"2015-12-10,四",2.514,2.566,2.501,2.526,0.64%,2.59%
"2015-12-11,五",2.519,2.541,2.502,2.51,-0.63%,1.54%
"2015-12-14,一",2.489,2.555,2.463,2.555,1.79%,3.67%
"2015-12-15,二",2.551,2.598,2.547,2.577,0.86%,2.00%
"2015-12-16,三",2.588,2.625,2.576,2.593,0.62%,1.90%
"2015-12-17,四",2.611,2.674,2.611,2.674,3.12%,2.43%
"2015-12-18,五",2.67,2.675,2.63,2.668,-0.22%,1.68%
"2015-12-21,一",2.654,2.669,2.631,2.663,-0.19%,1.42%
"2015-12-22,二",2.675,2.679,2.637,2.656,-0.26%,1.58%
"2015-12-23,三",2.658,2.666,2.599,2.6,-2.11%,2.52%
"2015-12-24,四",2.597,2.633,2.565,2.624,0.92%,2.62%
"2015-12-25,五",2.623,2.644,2.598,2.62,-0.15%,1.75%
"2015-12-28,一",2.623,2.643,2.551,2.551,-2.63%,3.51%
"2015-12-29,二",2.547,2.584,2.539,2.58,1.14%,1.76%
"2015-12-30,三",2.581,2.608,2.56,2.605,0.97%,1.86%
"2015-12-31,四",2.606,2.612,2.539,2.539,-2.53%,2.80%
"2016-01-04,一",2.531,2.538,2.301,2.306,-9.18%,9.33%
"2016-01-05,二",2.24,2.336,2.2,2.275,-1.34%,5.90%
"2016-01-06,三",2.291,2.33,2.25,2.321,2.02%,3.52%
"2016-01-07,四",2.272,2.28,2.09,2.096,-9.69%,8.19%
"2016-01-08,五",2.17,2.19,2.03,2.125,1.38%,7.63%
"2016-01-11,一",2.067,2.109,1.99,1.999,-5.93%,5.60%
"2016-01-12,二",2.011,2.067,1.979,2.036,1.85%,4.40%
"2016-01-13,三",2.048,2.057,1.936,1.964,-3.54%,5.94%
"2016-01-14,四",1.904,2.079,1.885,2.072,5.50%,9.88%
"2016-01-15,五",2.041,2.07,1.98,1.997,-3.62%,4.34%
"2016-01-18,一",1.966,2.097,1.964,2.07,3.66%,6.66%
"2016-01-19,二",2.05,2.129,2.03,2.126,2.71%,4.78%
"2016-01-20,三",2.102,2.129,2.069,2.085,-1.93%,2.82%
"2016-01-21,四",2.059,2.126,2.006,2.006,-3.79%,5.76%
"2016-01-22,五",2.027,2.047,1.971,2.042,1.79%,3.79%
"2016-01-25,一",2.055,2.07,2.02,2.04,-0.10%,2.45%
"2016-01-26,二",2.01,2.024,1.845,1.888,-7.45%,8.77%
"2016-01-27,三",1.899,1.907,1.794,1.887,-0.05%,5.99%
"2016-01-28,四",1.869,1.883,1.799,1.808,-4.19%,4.45%
"2016-01-29,五",1.807,1.905,1.801,1.879,3.93%,5.75%
"2016-02-01,一",1.875,1.902,1.85,1.895,0.85%,2.77%
"2016-02-02,二",1.897,1.986,1.894,1.972,4.06%,4.85%
"2016-02-03,三",1.949,2.005,1.924,1.988,0.81%,4.11%
"2016-02-04,四",1.997,2.036,1.991,2.024,1.81%,2.26%
"2016-02-05,五",2.029,2.037,1.997,1.999,-1.24%,1.98%
"2016-02-15,一",1.933,2.027,1.921,2.017,0.90%,5.30%
"2016-02-16,二",2.022,2.106,2.022,2.099,4.07%,4.16%
"2016-02-17,三",2.099,2.116,2.07,2.109,0.48%,2.19%
"2016-02-18,四",2.126,2.135,2.085,2.09,-0.90%,2.37%
"2016-02-19,五",2.081,2.123,2.079,2.106,0.77%,2.11%
"2016-02-22,一",2.134,2.142,2.108,2.142,1.71%,1.61%
"2016-02-23,二",2.14,2.145,2.088,2.117,-1.17%,2.66%
"2016-02-24,三",2.102,2.124,2.049,2.097,-0.94%,3.54%
"2016-02-25,四",2.094,2.095,1.888,1.896,-9.59%,9.87%
"2016-02-26,五",1.93,1.947,1.872,1.902,0.32%,3.96%
"2016-02-29,一",1.886,1.897,1.755,1.77,-6.94%,7.47%
"2016-03-01,二",1.776,1.844,1.736,1.824,3.05%,6.10%
"2016-03-02,三",1.823,1.918,1.813,1.912,4.82%,5.76%
"2016-03-03,四",1.907,1.959,1.901,1.902,-0.52%,3.03%
"2016-03-04,五",1.89,1.9,1.795,1.81,-4.84%,5.52%
"2016-03-07,一",1.84,1.893,1.832,1.853,2.38%,3.37%
"2016-03-08,二",1.847,1.895,1.761,1.888,1.89%,7.23%
"2016-03-09,三",1.852,1.911,1.832,1.848,-2.12%,4.18%
"2016-03-10,四",1.865,1.889,1.833,1.835,-0.70%,3.03%
"2016-03-11,五",1.8,1.846,1.8,1.834,-0.05%,2.51%
"2016-03-14,一",1.86,1.948,1.858,1.925,4.96%,4.91%
"2016-03-15,二",1.917,1.932,1.889,1.891,-1.77%,2.23%
"2016-03-16,三",1.927,1.934,1.863,1.878,-0.69%,3.75%
"2016-03-17,四",1.88,1.991,1.879,1.991,6.02%,5.96%
"2016-03-18,五",2.015,2.095,1.992,2.076,4.27%,5.17%
"2016-03-21,一",2.1,2.12,2.08,2.116,1.93%,1.93%
"2016-03-22,二",2.09,2.135,2.082,2.099,-0.80%,2.50%
"2016-03-23,三",2.1,2.152,2.091,2.148,2.33%,2.91%
"2016-03-24,四",2.122,2.16,2.093,2.1,-2.23%,3.12%
"2016-03-25,五",2.092,2.117,2.067,2.099,-0.05%,2.38%
"2016-03-28,一",2.117,2.143,2.071,2.073,-1.24%,3.43%
"2016-03-29,二",2.072,2.081,2.01,2.039,-1.64%,3.42%
"2016-03-30,三",2.058,2.135,2.05,2.134,4.66%,4.17%
"2016-03-31,四",2.14,2.158,2.118,2.119,-0.70%,1.87%
"2016-04-01,五",2.109,2.116,2.06,2.097,-1.04%,2.64%
"2016-04-05,二",2.093,2.175,2.092,2.168,3.39%,3.96%
"2016-04-06,三",2.168,2.193,2.16,2.181,0.60%,1.52%
"2016-04-07,四",2.199,2.205,2.139,2.145,-1.65%,3.03%
"2016-04-08,五",2.121,2.131,2.084,2.125,-0.93%,2.19%
"2016-04-11,一",2.148,2.193,2.145,2.17,2.12%,2.26%
"2016-04-12,二",2.17,2.179,2.129,2.162,-0.37%,2.30%
"2016-04-13,三",2.17,2.221,2.17,2.177,0.69%,2.36%
"2016-04-14,四",2.197,2.217,2.181,2.212,1.61%,1.65%
"2016-04-15,五",2.214,2.217,2.189,2.195,-0.77%,1.27%
"2016-04-18,一",2.176,2.178,2.139,2.16,-1.59%,1.78%
"2016-04-19,二",2.17,2.178,2.142,2.161,0.05%,1.67%
"2016-04-20,三",2.168,2.173,2.012,2.03,-6.06%,7.45%
"2016-04-21,四",2.03,2.053,1.998,2.003,-1.33%,2.71%
"2016-04-22,五",1.989,2.038,1.983,2.038,1.75%,2.75%
"2016-04-25,一",2.027,2.027,1.98,2.023,-0.74%,2.31%
"2016-04-26,二",2.016,2.055,2.013,2.054,1.53%,2.08%
"2016-04-27,三",2.058,2.068,2.036,2.041,-0.63%,1.56%
"2016-04-28,四",2.041,2.054,2.004,2.048,0.34%,2.45%
"2016-04-29,五",2.036,2.057,2.03,2.033,-0.73%,1.32%
"2016-05-03,二",2.036,2.112,2.018,2.112,3.89%,4.62%
"2016-05-04,三",2.105,2.124,2.096,2.102,-0.47%,1.33%
"2016-05-05,四",2.098,2.119,2.091,2.116,0.67%,1.33%
"2016-05-06,五",2.119,2.127,2.018,2.018,-4.63%,5.15%
"2016-05-09,一",2.002,2.002,1.948,1.955,-3.12%,2.68%
"2016-05-10,二",1.95,1.966,1.941,1.95,-0.26%,1.28%
"2016-05-11,三",1.963,1.97,1.93,1.93,-1.03%,2.05%
"2016-05-12,四",1.909,1.936,1.879,1.932,0.10%,2.95%
"2016-05-13,五",1.925,1.954,1.91,1.92,-0.62%,2.28%
"2016-05-16,一",1.914,1.955,1.907,1.953,1.72%,2.50%
"2016-05-17,二",1.954,2.002,1.932,1.977,1.23%,3.58%
"2016-05-18,三",1.962,1.963,1.902,1.921,-2.83%,3.09%
"2016-05-19,四",1.921,1.972,1.92,1.938,0.88%,2.71%
"2016-05-20,五",1.929,1.965,1.911,1.961,1.19%,2.79%
"2016-05-23,一",1.967,2.004,1.967,1.992,1.58%,1.89%
"2016-05-24,二",1.988,2,1.96,1.975,-0.85%,2.01%
"2016-05-25,三",1.998,2.01,1.961,1.965,-0.51%,2.48%
"2016-05-26,四",1.959,1.986,1.92,1.985,1.02%,3.36%
"2016-05-27,五",1.975,1.989,1.963,1.968,-0.86%,1.31%
"2016-05-30,一",1.964,1.983,1.934,1.959,-0.46%,2.49%
"2016-05-31,二",1.956,2.07,1.956,2.069,5.62%,5.82%
"2016-06-01,三",2.067,2.086,2.056,2.067,-0.10%,1.45%
"2016-06-02,四",2.065,2.09,2.06,2.088,1.02%,1.45%
"2016-06-03,五",2.08,2.136,2.077,2.109,1.01%,2.83%
"2016-06-06,一",2.109,2.119,2.087,2.102,-0.33%,1.52%
"2016-06-07,二",2.1,2.109,2.084,2.098,-0.19%,1.19%
"2016-06-08,三",2.091,2.106,2.072,2.092,-0.29%,1.62%
"2016-06-13,一",2.065,2.072,1.967,1.967,-5.98%,5.02%
"2016-06-14,二",1.958,1.98,1.947,1.967,0.00%,1.68%
"2016-06-15,三",1.951,2.057,1.95,2.04,3.71%,5.44%
"2016-06-16,四",2.034,2.047,2.005,2.009,-1.52%,2.06%
"2016-06-17,五",2.02,2.065,2.015,2.034,1.24%,2.49%
"2016-06-20,一",2.033,2.042,1.997,2.03,-0.20%,2.21%
"2016-06-21,二",2.045,2.065,1.999,2.007,-1.13%,3.25%
"2016-06-22,三",1.998,2.06,1.998,2.055,2.39%,3.09%
"2016-06-23,四",2.055,2.066,2.032,2.051,-0.19%,1.65%
"2016-06-24,五",2.047,2.07,1.979,2.043,-0.39%,4.44%
"2016-06-27,一",2.03,2.109,2.025,2.109,3.23%,4.11%
"2016-06-28,二",2.095,2.132,2.085,2.128,0.90%,2.23%
"2016-06-29,三",2.137,2.149,2.115,2.121,-0.33%,1.60%
"2016-06-30,四",2.122,2.142,2.116,2.132,0.52%,1.23%
"2016-07-01,五",2.137,2.148,2.112,2.116,-0.75%,1.69%
"2016-07-04,一",2.103,2.161,2.101,2.153,1.75%,2.84%
"2016-07-05,二",2.155,2.164,2.134,2.148,-0.23%,1.39%
"2016-07-06,三",2.145,2.152,2.135,2.148,0.00%,0.79%
"2016-07-07,四",2.145,2.152,2.116,2.141,-0.33%,1.68%
"2016-07-08,五",2.137,2.16,2.127,2.145,0.19%,1.54%
"2016-07-11,一",2.147,2.157,2.12,2.125,-0.93%,1.72%
"2016-07-12,二",2.123,2.155,2.092,2.155,1.41%,2.96%
"2016-07-13,三",2.16,2.201,2.151,2.188,1.53%,2.32%
"2016-07-14,四",2.188,2.194,2.173,2.19,0.09%,0.96%
"2016-07-15,五",2.19,2.192,2.16,2.164,-1.19%,1.46%
"2016-07-18,一",2.162,2.168,2.136,2.148,-0.74%,1.48%
"2016-07-19,二",2.148,2.176,2.138,2.173,1.16%,1.77%
"2016-07-20,三",2.174,2.188,2.165,2.165,-0.37%,1.06%
"2016-07-21,四",2.164,2.189,2.16,2.167,0.09%,1.34%
"2016-07-22,五",2.163,2.169,2.15,2.154,-0.60%,0.88%
"2016-07-25,一",2.147,2.165,2.139,2.146,-0.37%,1.21%
"2016-07-26,二",2.147,2.182,2.146,2.182,1.68%,1.68%
"2016-07-27,三",2.181,2.185,2.048,2.061,-5.55%,6.28%
"2016-07-28,四",2.06,2.075,2.023,2.044,-0.82%,2.52%
"2016-07-29,五",2.053,2.055,2.017,2.031,-0.64%,1.86%
"2016-08-01,一",2.024,2.028,1.981,2.013,-0.89%,2.31%
"2016-08-02,二",2.012,2.027,2.008,2.025,0.60%,0.94%
"2016-08-03,三",2.021,2.031,2.009,2.017,-0.40%,1.09%
"2016-08-04,四",2.017,2.044,2.013,2.04,1.14%,1.54%
"2016-08-05,五",2.036,2.04,2.02,2.022,-0.88%,0.98%
"2016-08-08,一",2.019,2.042,1.996,2.041,0.94%,2.27%
"2016-08-09,二",2.041,2.062,2.035,2.061,0.98%,1.32%
"2016-08-10,三",2.063,2.071,2.043,2.043,-0.87%,1.36%
"2016-08-11,四",2.04,2.047,2.015,2.017,-1.27%,1.57%
"2016-08-12,五",2.013,2.035,2.01,2.035,0.89%,1.24%
"2016-08-15,一",2.035,2.109,2.02,2.103,3.34%,4.37%
"2016-08-16,二",2.101,2.116,2.097,2.105,0.10%,0.90%
"2016-08-17,三",2.106,2.122,2.099,2.112,0.33%,1.09%
"2016-08-18,四",2.108,2.119,2.097,2.108,-0.19%,1.04%
"2016-08-19,五",2.108,2.116,2.099,2.112,0.19%,0.81%
"2016-08-22,一",2.112,2.119,2.072,2.072,-1.89%,2.23%
"2016-08-23,二",2.073,2.093,2.058,2.084,0.58%,1.69%
"2016-08-24,三",2.084,2.108,2.082,2.098,0.67%,1.25%
"2016-08-25,四",2.089,2.089,2.061,2.088,-0.48%,1.33%
"2016-08-26,五",2.091,2.117,2.087,2.095,0.34%,1.44%
"2016-08-29,一",2.089,2.116,2.088,2.101,0.29%,1.34%
"2016-08-30,二",2.103,2.115,2.097,2.104,0.14%,0.86%
"2016-08-31,三",2.099,2.104,2.081,2.099,-0.24%,1.09%
"2016-09-01,四",2.099,2.107,2.084,2.084,-0.71%,1.10%
"2016-09-02,五",2.079,2.093,2.068,2.081,-0.14%,1.20%
"2016-09-05,一",2.081,2.105,2.081,2.088,0.34%,1.15%
"2016-09-06,二",2.086,2.133,2.069,2.128,1.92%,3.07%
"2016-09-07,三",2.126,2.135,2.109,2.114,-0.66%,1.22%
"2016-09-08,四",2.115,2.128,2.112,2.128,0.66%,0.76%
"2016-09-09,五",2.127,2.131,2.107,2.109,-0.89%,1.13%
"2016-09-12,一",2.075,2.087,2.054,2.06,-2.32%,1.56%
"2016-09-13,二",2.066,2.072,2.05,2.055,-0.24%,1.07%
"2016-09-14,三",2.046,2.065,2.04,2.051,-0.19%,1.22%
"2016-09-19,一",2.054,2.083,2.054,2.072,1.02%,1.41%
"2016-09-20,二",2.07,2.075,2.062,2.066,-0.29%,0.63%
"2016-09-21,三",2.068,2.08,2.063,2.068,0.10%,0.82%
"2016-09-22,四",2.08,2.085,2.07,2.072,0.19%,0.73%
"2016-09-23,五",2.076,2.078,2.065,2.065,-0.34%,0.63%
"2016-09-26,一",2.061,2.07,2.029,2.032,-1.60%,1.99%
"2016-09-27,二",2.031,2.051,2.025,2.049,0.84%,1.28%
"2016-09-28,三",2.052,2.053,2.04,2.05,0.05%,0.63%
"2016-09-29,四",2.052,2.065,2.049,2.058,0.39%,0.78%
"2016-09-30,五",2.057,2.063,2.054,2.062,0.19%,0.44%
"2016-10-10,一",2.071,2.12,2.068,2.119,2.76%,2.52%
"2016-10-11,二",2.119,2.119,2.106,2.118,-0.05%,0.61%
"2016-10-12,三",2.111,2.125,2.108,2.116,-0.09%,0.80%
"2016-10-13,四",2.117,2.122,2.107,2.113,-0.14%,0.71%
"2016-10-14,五",2.114,2.114,2.088,2.104,-0.43%,1.23%
"2016-10-17,一",2.104,2.106,2.068,2.079,-1.19%,1.81%
"2016-10-18,二",2.078,2.108,2.076,2.107,1.35%,1.54%
"2016-10-19,三",2.107,2.108,2.089,2.092,-0.71%,0.90%
"2016-10-20,四",2.093,2.107,2.092,2.101,0.43%,0.72%
"2016-10-21,五",2.102,2.11,2.079,2.09,-0.52%,1.48%
"2016-10-24,一",2.09,2.116,2.086,2.109,0.91%,1.44%
"2016-10-25,二",2.111,2.117,2.104,2.109,0.00%,0.62%
"2016-10-26,三",2.106,2.112,2.088,2.094,-0.71%,1.14%
"2016-10-27,四",2.092,2.095,2.081,2.092,-0.10%,0.67%
"2016-10-28,五",2.09,2.105,2.071,2.071,-1.00%,1.63%
"2016-10-31,一",2.07,2.074,2.057,2.071,0.00%,0.82%
"2016-11-01,二",2.071,2.087,2.069,2.082,0.53%,0.87%
"2016-11-02,三",2.079,2.081,2.053,2.054,-1.34%,1.34%
"2016-11-03,四",2.045,2.076,2.045,2.062,0.39%,1.51%
"2016-11-04,五",2.059,2.08,2.05,2.056,-0.29%,1.45%
"2016-11-07,一",2.054,2.057,2.038,2.043,-0.63%,0.92%
"2016-11-08,二",2.048,2.068,2.046,2.063,0.98%,1.08%
"2016-11-09,三",2.062,2.066,2.012,2.032,-1.50%,2.62%
"2016-11-10,四",2.052,2.062,2.051,2.053,1.03%,0.54%
"2016-11-11,五",2.051,2.062,2.037,2.06,0.34%,1.22%
"2016-11-14,一",2.057,2.087,2.057,2.07,0.49%,1.46%
"2016-11-15,二",2.07,2.089,2.061,2.089,0.92%,1.35%
"2016-11-16,三",2.096,2.118,2.09,2.091,0.10%,1.34%
"2016-11-17,四",2.085,2.085,2.067,2.074,-0.81%,0.86%
"2016-11-18,五",2.074,2.081,2.065,2.07,-0.19%,0.77%
"2016-11-21,一",2.065,2.075,2.056,2.061,-0.43%,0.92%
"2016-11-22,二",2.064,2.086,2.059,2.086,1.21%,1.31%
"2016-11-23,三",2.09,2.1,2.073,2.075,-0.53%,1.29%
"2016-11-24,四",2.067,2.08,2.054,2.054,-1.01%,1.25%
"2016-11-25,五",2.052,2.078,2.03,2.076,1.07%,2.34%
"2016-11-28,一",2.079,2.086,2.067,2.071,-0.24%,0.92%
"2016-11-29,二",2.068,2.086,2.064,2.073,0.10%,1.06%
"2016-11-30,三",2.068,2.11,2.063,2.092,0.92%,2.27%
"2016-12-01,四",2.09,2.097,2.083,2.089,-0.14%,0.67%
"2016-12-02,五",2.087,2.096,2.055,2.055,-1.63%,1.96%
"2016-12-05,一",2.045,2.071,2.038,2.055,0.00%,1.61%
"2016-12-06,二",2.058,2.066,2.033,2.036,-0.92%,1.61%
"2016-12-07,三",2.04,2.045,2.025,2.044,0.39%,0.98%
"2016-12-08,四",2.044,2.045,2.026,2.028,-0.78%,0.93%
"2016-12-09,五",2.025,2.029,2.011,2.013,-0.74%,0.89%
"2016-12-12,一",2.01,2.011,1.895,1.902,-5.51%,5.76%
"2016-12-13,二",1.9,1.911,1.879,1.9,-0.11%,1.68%
"2016-12-14,三",1.898,1.905,1.873,1.88,-1.05%,1.68%
"2016-12-15,四",1.877,1.908,1.873,1.893,0.69%,1.86%
"2016-12-16,五",1.888,1.922,1.886,1.908,0.79%,1.90%
"2016-12-19,一",1.907,1.909,1.891,1.896,-0.63%,0.94%
"2016-12-20,二",1.897,1.906,1.89,1.897,0.05%,0.84%
"2016-12-21,三",1.899,1.912,1.897,1.904,0.37%,0.79%
"2016-12-22,四",1.903,1.904,1.889,1.897,-0.37%,0.79%
"2016-12-23,五",1.893,1.903,1.874,1.874,-1.21%,1.53%
"2016-12-26,一",1.869,1.887,1.848,1.886,0.64%,2.08%
"2016-12-27,二",1.883,1.892,1.879,1.881,-0.27%,0.69%
"2016-12-28,三",1.879,1.884,1.861,1.87,-0.58%,1.22%
"2016-12-29,四",1.869,1.887,1.866,1.876,0.32%,1.12%
"2016-12-30,五",1.878,1.885,1.871,1.881,0.27%,0.75%
"2017-01-03,二",1.882,1.89,1.876,1.881,0.00%,0.74%
"2017-01-04,三",1.882,1.909,1.876,1.907,1.38%,1.75%
"2017-01-05,四",1.904,1.908,1.897,1.901,-0.31%,0.58%
"2017-01-06,五",1.897,1.897,1.88,1.886,-0.79%,0.89%
"2017-01-09,一",1.883,1.889,1.869,1.878,-0.42%,1.06%
"2017-01-10,二",1.877,1.885,1.868,1.869,-0.48%,0.91%
"2017-01-11,三",1.863,1.877,1.853,1.857,-0.64%,1.28%
"2017-01-12,四",1.851,1.867,1.849,1.849,-0.43%,0.97%
"2017-01-13,五",1.849,1.854,1.816,1.82,-1.57%,2.06%
"2017-01-16,一",1.82,1.82,1.711,1.756,-3.52%,5.99%
"2017-01-17,二",1.748,1.797,1.73,1.787,1.77%,3.82%
"2017-01-18,三",1.78,1.785,1.763,1.767,-1.12%,1.23%
"2017-01-19,四",1.765,1.775,1.756,1.768,0.06%,1.08%
"2017-01-20,五",1.762,1.813,1.762,1.801,1.87%,2.88%
"2017-01-23,一",1.798,1.818,1.797,1.807,0.33%,1.17%
"2017-01-24,二",1.807,1.807,1.78,1.786,-1.16%,1.49%
"2017-01-25,三",1.78,1.798,1.777,1.794,0.45%,1.18%
"2017-01-26,四",1.794,1.81,1.794,1.804,0.56%,0.89%
"2017-02-03,五",1.806,1.809,1.794,1.802,-0.11%,0.83%
"2017-02-06,一",1.799,1.825,1.796,1.82,1.00%,1.61%
"2017-02-07,二",1.816,1.822,1.803,1.807,-0.71%,1.04%
"2017-02-08,三",1.806,1.825,1.803,1.822,0.83%,1.22%
"2017-02-09,四",1.822,1.84,1.821,1.833,0.60%,1.04%
"2017-02-10,五",1.833,1.835,1.821,1.824,-0.49%,0.76%
"2017-02-13,一",1.82,1.842,1.815,1.833,0.49%,1.48%
"2017-02-14,二",1.831,1.839,1.826,1.827,-0.33%,0.71%
"2017-02-15,三",1.828,1.842,1.81,1.812,-0.82%,1.75%
"2017-02-16,四",1.808,1.822,1.807,1.817,0.28%,0.83%
"2017-02-17,五",1.817,1.826,1.8,1.801,-0.88%,1.43%
"2017-02-20,一",1.804,1.817,1.798,1.817,0.89%,1.05%
"2017-02-21,二",1.817,1.845,1.815,1.842,1.38%,1.65%
"2017-02-22,三",1.844,1.845,1.83,1.838,-0.22%,0.81%
"2017-02-23,四",1.838,1.848,1.825,1.848,0.54%,1.25%
"2017-02-24,五",1.846,1.859,1.841,1.859,0.60%,0.97%
"2017-02-27,一",1.859,1.864,1.841,1.847,-0.65%,1.24%
"2017-02-28,二",1.847,1.85,1.836,1.846,-0.05%,0.76%
"2017-03-01,三",1.842,1.86,1.842,1.85,0.22%,0.98%
"2017-03-02,四",1.851,1.856,1.84,1.841,-0.49%,0.86%
"2017-03-03,五",1.836,1.852,1.829,1.849,0.43%,1.25%
"2017-03-06,一",1.848,1.884,1.847,1.883,1.84%,2.00%
"2017-03-07,二",1.885,1.896,1.875,1.895,0.64%,1.12%
"2017-03-08,三",1.895,1.895,1.879,1.884,-0.58%,0.84%
"2017-03-09,四",1.877,1.881,1.867,1.869,-0.80%,0.74%
"2017-03-10,五",1.868,1.876,1.863,1.868,-0.05%,0.70%
"2017-03-13,一",1.864,1.89,1.857,1.89,1.18%,1.77%
"2017-03-14,二",1.888,1.888,1.868,1.875,-0.79%,1.06%
"2017-03-15,三",1.871,1.882,1.863,1.876,0.05%,1.01%
"2017-03-16,四",1.875,1.886,1.875,1.882,0.32%,0.59%
"2017-03-17,五",1.883,1.9,1.862,1.862,-1.06%,2.02%
"2017-03-20,一",1.863,1.871,1.856,1.87,0.43%,0.81%
"2017-03-21,二",1.869,1.879,1.866,1.879,0.48%,0.70%
"2017-03-22,三",1.87,1.879,1.858,1.864,-0.80%,1.12%
"2017-03-23,四",1.866,1.879,1.85,1.865,0.05%,1.56%
"2017-03-24,五",1.865,1.884,1.863,1.882,0.91%,1.13%
"2017-03-27,一",1.878,1.885,1.863,1.864,-0.96%,1.17%
"2017-03-28,二",1.863,1.871,1.859,1.863,-0.05%,0.64%
"2017-03-29,三",1.865,1.869,1.844,1.845,-0.97%,1.34%
"2017-03-30,四",1.841,1.845,1.811,1.813,-1.73%,1.84%
"2017-03-31,五",1.814,1.827,1.814,1.826,0.72%,0.72%
"2017-04-05,三",1.831,1.861,1.831,1.861,1.92%,1.64%
"2017-04-06,四",1.863,1.869,1.855,1.859,-0.11%,0.75%
"2017-04-07,五",1.859,1.871,1.852,1.865,0.32%,1.02%
"2017-04-10,一",1.865,1.865,1.828,1.832,-1.77%,1.98%
"2017-04-11,二",1.829,1.84,1.81,1.836,0.22%,1.64%
"2017-04-12,三",1.832,1.834,1.815,1.819,-0.93%,1.03%
"2017-04-13,四",1.819,1.84,1.814,1.835,0.88%,1.43%
"2017-04-14,五",1.829,1.834,1.808,1.81,-1.36%,1.42%
"2017-04-17,一",1.806,1.809,1.785,1.79,-1.10%,1.33%
"2017-04-18,二",1.79,1.799,1.77,1.772,-1.01%,1.62%
"2017-04-19,三",1.767,1.77,1.738,1.763,-0.51%,1.81%
"2017-04-20,四",1.765,1.778,1.758,1.77,0.40%,1.13%
"2017-04-21,五",1.77,1.784,1.756,1.761,-0.51%,1.58%
"2017-04-24,一",1.759,1.759,1.723,1.737,-1.36%,2.04%
"2017-04-25,二",1.736,1.755,1.732,1.742,0.29%,1.32%
"2017-04-26,三",1.74,1.747,1.734,1.743,0.06%,0.75%
"2017-04-27,四",1.739,1.774,1.721,1.764,1.20%,3.04%
"2017-04-28,五",1.76,1.779,1.758,1.777,0.74%,1.19%
"2017-05-02,二",1.775,1.778,1.766,1.773,-0.23%,0.68%
"2017-05-03,三",1.767,1.778,1.755,1.763,-0.56%,1.30%
"2017-05-04,四",1.761,1.781,1.753,1.769,0.34%,1.59%
"2017-05-05,五",1.76,1.765,1.743,1.743,-1.47%,1.24%
"2017-05-08,一",1.735,1.75,1.715,1.716,-1.55%,2.01%
"2017-05-09,二",1.709,1.73,1.699,1.726,0.58%,1.81%
"2017-05-10,三",1.725,1.74,1.699,1.7,-1.51%,2.38%
"2017-05-11,四",1.69,1.698,1.657,1.696,-0.24%,2.41%
"2017-05-12,五",1.692,1.7,1.677,1.698,0.12%,1.36%
"2017-05-15,一",1.701,1.713,1.698,1.704,0.35%,0.88%
"2017-05-16,二",1.698,1.741,1.69,1.741,2.17%,2.99%
"2017-05-17,三",1.74,1.759,1.737,1.743,0.11%,1.26%
"2017-05-18,四",1.734,1.752,1.731,1.738,-0.29%,1.20%
"2017-05-19,五",1.737,1.739,1.719,1.725,-0.75%,1.15%
"2017-05-22,一",1.723,1.738,1.702,1.711,-0.81%,2.09%
"2017-05-23,二",1.706,1.714,1.681,1.681,-1.75%,1.93%
"2017-05-24,三",1.676,1.703,1.658,1.703,1.31%,2.68%
"2017-05-25,四",1.698,1.713,1.671,1.703,0.00%,2.47%
"2017-05-26,五",1.696,1.705,1.684,1.689,-0.82%,1.23%
"2017-05-31,三",1.719,1.719,1.692,1.692,0.18%,1.60%
"2017-06-01,四",1.687,1.688,1.66,1.661,-1.83%,1.65%
"2017-06-02,五",1.652,1.687,1.643,1.678,1.02%,2.65%
"2017-06-05,一",1.681,1.699,1.68,1.689,0.66%,1.13%
"2017-06-06,二",1.686,1.702,1.684,1.692,0.18%,1.07%
"2017-06-07,三",1.692,1.733,1.689,1.73,2.25%,2.60%
"2017-06-08,四",1.728,1.733,1.718,1.722,-0.46%,0.87%
"2017-06-09,五",1.718,1.726,1.71,1.725,0.17%,0.93%
"2017-06-12,一",1.715,1.718,1.7,1.702,-1.33%,1.04%
"2017-06-13,二",1.702,1.728,1.699,1.723,1.23%,1.70%
"2017-06-14,三",1.721,1.726,1.713,1.72,-0.17%,0.75%
"2017-06-15,四",1.719,1.753,1.717,1.744,1.40%,2.09%
"2017-06-16,五",1.744,1.747,1.736,1.739,-0.29%,0.63%
"2017-06-19,一",1.737,1.747,1.736,1.746,0.40%,0.63%
"2017-06-20,二",1.747,1.763,1.745,1.748,0.11%,1.03%
"2017-06-21,三",1.756,1.758,1.737,1.753,0.29%,1.20%
"2017-06-22,四",1.752,1.758,1.721,1.725,-1.60%,2.11%
"2017-06-23,五",1.724,1.737,1.706,1.737,0.70%,1.80%
"2017-06-26,一",1.734,1.75,1.725,1.749,0.69%,1.44%
"2017-06-27,二",1.749,1.758,1.743,1.746,-0.17%,0.86%
"2017-06-28,三",1.743,1.745,1.73,1.734,-0.69%,0.86%
"2017-06-29,四",1.733,1.751,1.731,1.742,0.46%,1.15%
"2017-06-30,五",1.737,1.748,1.731,1.748,0.34%,0.98%
"2017-07-03,一",1.747,1.764,1.743,1.764,0.92%,1.20%
"2017-07-04,二",1.764,1.764,1.749,1.755,-0.51%,0.85%
"2017-07-05,三",1.753,1.763,1.745,1.761,0.34%,1.03%
"2017-07-06,四",1.76,1.766,1.743,1.753,-0.45%,1.31%
"2017-07-07,五",1.747,1.752,1.743,1.75,-0.17%,0.51%
"2017-07-10,一",1.745,1.745,1.715,1.716,-1.94%,1.71%
"2017-07-11,二",1.712,1.719,1.696,1.696,-1.17%,1.34%
"2017-07-12,三",1.694,1.703,1.678,1.697,0.06%,1.47%
"2017-07-13,四",1.693,1.696,1.68,1.686,-0.65%,0.94%
"2017-07-14,五",1.68,1.682,1.661,1.662,-1.42%,1.25%
"2017-07-17,一",1.647,1.648,1.569,1.57,-5.54%,4.75%
"2017-07-18,二",1.561,1.589,1.554,1.579,0.57%,2.23%
"2017-07-19,三",1.573,1.595,1.561,1.593,0.89%,2.15%
"2017-07-20,四",1.59,1.617,1.587,1.59,-0.19%,1.88%
"2017-07-21,五",1.588,1.602,1.586,1.591,0.06%,1.01%
"2017-07-24,一",1.589,1.602,1.582,1.599,0.50%,1.26%
"2017-07-25,二",1.598,1.606,1.59,1.599,0.00%,1.00%
"2017-07-26,三",1.597,1.6,1.586,1.588,-0.69%,0.88%
"2017-07-27,四",1.588,1.665,1.584,1.665,4.85%,5.10%
"2017-07-28,五",1.659,1.662,1.643,1.647,-1.08%,1.14%
"2017-07-31,一",1.645,1.654,1.636,1.652,0.30%,1.09%
"2017-08-01,二",1.651,1.654,1.639,1.65,-0.12%,0.91%
"2017-08-02,三",1.65,1.658,1.638,1.638,-0.73%,1.21%
"2017-08-03,四",1.634,1.672,1.63,1.651,0.79%,2.56%
"2017-08-04,五",1.648,1.65,1.635,1.636,-0.91%,0.91%
"2017-08-07,一",1.636,1.66,1.635,1.651,0.92%,1.53%
"2017-08-08,二",1.652,1.679,1.646,1.678,1.64%,2.00%
"2017-08-09,三",1.677,1.688,1.668,1.675,-0.18%,1.19%
"2017-08-10,四",1.674,1.69,1.661,1.669,-0.36%,1.73%
"2017-08-11,五",1.661,1.678,1.656,1.659,-0.60%,1.32%
"2017-08-14,一",1.664,1.702,1.662,1.702,2.59%,2.41%
"2017-08-15,二",1.704,1.71,1.695,1.706,0.24%,0.88%
"2017-08-16,三",1.704,1.745,1.701,1.735,1.70%,2.58%
"2017-08-17,四",1.728,1.753,1.725,1.746,0.63%,1.61%
"2017-08-18,五",1.738,1.746,1.728,1.733,-0.74%,1.03%
"2017-08-21,一",1.737,1.743,1.728,1.737,0.23%,0.87%
"2017-08-22,二",1.737,1.742,1.72,1.726,-0.63%,1.27%
"2017-08-23,三",1.722,1.732,1.714,1.717,-0.52%,1.04%
"2017-08-24,四",1.716,1.726,1.705,1.705,-0.70%,1.22%
"2017-08-25,五",1.702,1.729,1.702,1.723,1.06%,1.58%
"2017-08-28,一",1.729,1.772,1.727,1.755,1.86%,2.61%
"2017-08-29,二",1.753,1.766,1.743,1.743,-0.68%,1.31%
"2017-08-30,三",1.745,1.768,1.743,1.756,0.75%,1.43%
"2017-08-31,四",1.758,1.767,1.755,1.765,0.51%,0.68%
"2017-09-01,五",1.768,1.78,1.755,1.776,0.62%,1.42%
"2017-09-04,一",1.773,1.799,1.769,1.796,1.13%,1.69%
"2017-09-05,二",1.795,1.804,1.785,1.796,0.00%,1.06%
"2017-09-06,三",1.792,1.814,1.79,1.813,0.95%,1.34%
"2017-09-07,四",1.813,1.828,1.797,1.8,-0.72%,1.71%
"2017-09-08,五",1.797,1.807,1.783,1.791,-0.50%,1.33%
"2017-09-11,一",1.79,1.807,1.788,1.807,0.89%,1.06%
"2017-09-12,二",1.811,1.815,1.792,1.793,-0.77%,1.27%
"2017-09-13,三",1.792,1.798,1.784,1.797,0.22%,0.78%
"2017-09-14,四",1.797,1.803,1.783,1.787,-0.56%,1.11%
"2017-09-15,五",1.785,1.792,1.78,1.782,-0.28%,0.67%
"2017-09-18,一",1.782,1.808,1.78,1.808,1.46%,1.57%
"2017-09-19,二",1.807,1.811,1.785,1.79,-1.00%,1.44%
"2017-09-20,三",1.788,1.803,1.786,1.801,0.61%,0.95%
"2017-09-21,四",1.802,1.808,1.78,1.78,-1.17%,1.55%
"2017-09-22,五",1.775,1.78,1.762,1.773,-0.39%,1.01%
"2017-09-25,一",1.77,1.778,1.748,1.75,-1.30%,1.69%
"2017-09-26,二",1.749,1.758,1.734,1.746,-0.23%,1.37%
"2017-09-27,三",1.75,1.766,1.748,1.757,0.63%,1.03%
"2017-09-28,四",1.758,1.771,1.757,1.761,0.23%,0.80%
"2017-09-29,五",1.764,1.78,1.764,1.78,1.08%,0.91%
"2017-10-09,一",1.797,1.81,1.79,1.8,1.12%,1.12%
"2017-10-10,二",1.798,1.828,1.797,1.828,1.56%,1.72%
"2017-10-11,三",1.83,1.835,1.811,1.814,-0.77%,1.31%
"2017-10-12,四",1.812,1.819,1.799,1.811,-0.17%,1.10%
"2017-10-13,五",1.811,1.84,1.806,1.84,1.60%,1.88%
"2017-10-16,一",1.84,1.84,1.795,1.796,-2.39%,2.45%
"2017-10-17,二",1.791,1.798,1.781,1.786,-0.56%,0.95%
"2017-10-18,三",1.789,1.8,1.778,1.778,-0.45%,1.23%
"2017-10-19,四",1.777,1.787,1.767,1.775,-0.17%,1.12%
"2017-10-20,五",1.773,1.795,1.771,1.794,1.07%,1.35%
"2017-10-23,一",1.791,1.812,1.788,1.806,0.67%,1.34%
"2017-10-24,二",1.805,1.812,1.791,1.812,0.33%,1.16%
"2017-10-25,三",1.808,1.822,1.802,1.818,0.33%,1.10%
"2017-10-26,四",1.819,1.826,1.808,1.823,0.28%,0.99%
"2017-10-27,五",1.821,1.822,1.801,1.801,-1.21%,1.15%
"2017-10-30,一",1.801,1.807,1.759,1.764,-2.05%,2.67%
"2017-10-31,二",1.764,1.778,1.762,1.773,0.51%,0.91%
"2017-11-01,三",1.773,1.781,1.768,1.769,-0.23%,0.73%
"2017-11-02,四",1.766,1.767,1.745,1.745,-1.36%,1.24%
"2017-11-03,五",1.742,1.757,1.726,1.732,-0.74%,1.78%
"2017-11-06,一",1.732,1.754,1.719,1.754,1.27%,2.02%
"2017-11-07,二",1.753,1.76,1.742,1.76,0.34%,1.03%
"2017-11-08,三",1.758,1.783,1.755,1.765,0.28%,1.59%
"2017-11-09,四",1.764,1.783,1.755,1.779,0.79%,1.59%
"2017-11-10,五",1.778,1.8,1.775,1.8,1.18%,1.41%
"2017-11-13,一",1.799,1.807,1.794,1.799,-0.06%,0.72%
"2017-11-14,二",1.8,1.808,1.781,1.788,-0.61%,1.50%
"2017-11-15,三",1.786,1.789,1.755,1.758,-1.68%,1.90%
"2017-11-16,四",1.756,1.771,1.751,1.765,0.40%,1.14%
"2017-11-17,五",1.762,1.771,1.722,1.723,-2.38%,2.78%
"2017-11-20,一",1.719,1.755,1.697,1.755,1.86%,3.37%
"2017-11-21,二",1.747,1.759,1.737,1.75,-0.28%,1.25%
"2017-11-22,三",1.748,1.762,1.732,1.744,-0.34%,1.71%
"2017-11-23,四",1.737,1.74,1.691,1.692,-2.98%,2.81%
"2017-11-24,五",1.687,1.695,1.678,1.678,-0.83%,1.00%
"2017-11-27,一",1.671,1.692,1.657,1.66,-1.07%,2.09%
"2017-11-28,二",1.66,1.686,1.658,1.682,1.33%,1.69%
"2017-11-29,三",1.682,1.684,1.661,1.674,-0.48%,1.37%
"2017-11-30,四",1.673,1.681,1.657,1.663,-0.66%,1.43%
"2017-12-01,五",1.665,1.695,1.662,1.687,1.44%,1.98%
"2017-12-04,一",1.683,1.692,1.673,1.676,-0.65%,1.13%
"2017-12-05,二",1.674,1.679,1.632,1.644,-1.91%,2.80%
"2017-12-06,三",1.647,1.664,1.631,1.663,1.16%,2.01%
"2017-12-07,四",1.662,1.673,1.654,1.656,-0.42%,1.14%
"2017-12-08,五",1.656,1.688,1.654,1.675,1.15%,2.05%
"2017-12-11,一",1.682,1.698,1.678,1.698,1.37%,1.19%
"2017-12-12,二",1.698,1.699,1.675,1.675,-1.35%,1.41%
"2017-12-13,三",1.679,1.692,1.67,1.691,0.96%,1.31%
"2017-12-14,四",1.689,1.692,1.674,1.68,-0.65%,1.06%
"2017-12-15,五",1.681,1.684,1.666,1.673,-0.42%,1.07%
"2017-12-18,一",1.673,1.676,1.66,1.667,-0.36%,0.96%
"2017-12-19,二",1.668,1.688,1.668,1.683,0.96%,1.20%
"2017-12-20,三",1.68,1.682,1.661,1.661,-1.31%,1.25%
"2017-12-21,四",1.659,1.68,1.647,1.668,0.42%,1.99%
"2017-12-22,五",1.669,1.676,1.662,1.663,-0.30%,0.84%
"2017-12-25,一",1.662,1.663,1.634,1.642,-1.26%,1.74%
"2017-12-26,二",1.642,1.646,1.631,1.644,0.12%,0.91%
"2017-12-27,三",1.644,1.647,1.626,1.63,-0.85%,1.28%
"2017-12-28,四",1.629,1.647,1.627,1.637,0.43%,1.23%
"2017-12-29,五",1.638,1.644,1.632,1.644,0.43%,0.73%
"2018-01-02,二",1.65,1.676,1.646,1.665,1.28%,1.82%
"2018-01-03,三",1.666,1.693,1.663,1.689,1.44%,1.80%
"2018-01-04,四",1.686,1.693,1.682,1.693,0.24%,0.65%
"2018-01-05,五",1.693,1.7,1.691,1.696,0.18%,0.53%
"2018-01-08,一",1.694,1.701,1.682,1.701,0.29%,1.12%
"2018-01-09,二",1.699,1.702,1.694,1.699,-0.12%,0.47%
"2018-01-10,三",1.695,1.699,1.679,1.689,-0.59%,1.18%
"2018-01-11,四",1.686,1.707,1.675,1.701,0.71%,1.89%
"2018-01-12,五",1.7,1.7,1.684,1.685,-0.94%,0.94%
"2018-01-15,一",1.68,1.681,1.63,1.634,-3.03%,3.03%
"2018-01-16,二",1.632,1.642,1.621,1.631,-0.18%,1.29%
"2018-01-17,三",1.628,1.647,1.601,1.639,0.49%,2.82%
"2018-01-18,四",1.633,1.651,1.631,1.636,-0.18%,1.22%
"2018-01-19,五",1.64,1.648,1.629,1.63,-0.37%,1.16%
"2018-01-22,一",1.623,1.674,1.616,1.67,2.45%,3.56%
"2018-01-23,二",1.668,1.676,1.661,1.667,-0.18%,0.90%
"2018-01-24,三",1.672,1.723,1.653,1.714,2.82%,4.20%
"2018-01-25,四",1.714,1.751,1.705,1.708,-0.35%,2.68%
"2018-01-26,五",1.708,1.733,1.705,1.72,0.70%,1.64%
"2018-01-29,一",1.72,1.725,1.692,1.701,-1.10%,1.92%
"2018-01-30,二",1.698,1.709,1.681,1.687,-0.82%,1.65%
"2018-01-31,三",1.68,1.68,1.632,1.633,-3.20%,2.85%
"2018-02-01,四",1.634,1.647,1.602,1.603,-1.84%,2.76%
"2018-02-02,五",1.593,1.627,1.582,1.607,0.25%,2.81%
"2018-02-05,一",1.586,1.601,1.582,1.594,-0.81%,1.18%
"2018-02-06,二",1.57,1.578,1.502,1.505,-5.58%,4.77%
"2018-02-07,三",1.539,1.543,1.48,1.523,1.20%,4.19%
"2018-02-08,四",1.515,1.556,1.512,1.548,1.64%,2.89%
"2018-02-09,五",1.51,1.535,1.482,1.502,-2.97%,3.42%
"2018-02-12,一",1.515,1.562,1.51,1.553,3.40%,3.46%
"2018-02-13,二",1.561,1.574,1.547,1.557,0.26%,1.74%
"2018-02-14,三",1.555,1.556,1.539,1.549,-0.51%,1.09%
"2018-02-22,四",1.563,1.581,1.554,1.58,2.00%,1.74%
"2018-02-23,五",1.576,1.584,1.561,1.572,-0.51%,1.46%
"2018-02-26,一",1.585,1.633,1.575,1.63,3.69%,3.69%
"2018-02-27,二",1.63,1.656,1.625,1.639,0.55%,1.90%
"2018-02-28,三",1.628,1.672,1.622,1.651,0.73%,3.05%
"2018-03-01,四",1.64,1.687,1.632,1.687,2.18%,3.33%
"2018-03-02,五",1.68,1.699,1.664,1.669,-1.07%,2.07%
"2018-03-05,一",1.678,1.693,1.665,1.69,1.26%,1.68%
"2018-03-06,二",1.693,1.705,1.685,1.693,0.18%,1.18%
"2018-03-07,三",1.691,1.695,1.675,1.679,-0.83%,1.18%
"2018-03-08,四",1.679,1.692,1.674,1.686,0.42%,1.07%
"2018-03-09,五",1.688,1.755,1.685,1.755,4.09%,4.15%
"2018-03-12,一",1.773,1.795,1.763,1.777,1.25%,1.82%
"2018-03-13,二",1.772,1.791,1.758,1.767,-0.56%,1.86%
"2018-03-14,三",1.761,1.767,1.735,1.741,-1.47%,1.81%
"2018-03-15,四",1.73,1.743,1.707,1.742,0.06%,2.07%
"2018-03-16,五",1.74,1.75,1.715,1.716,-1.49%,2.01%
"2018-03-19,一",1.712,1.754,1.711,1.736,1.17%,2.51%
"2018-03-20,二",1.721,1.762,1.719,1.76,1.38%,2.48%
"2018-03-21,三",1.76,1.768,1.718,1.72,-2.27%,2.84%
"2018-03-22,四",1.726,1.735,1.71,1.711,-0.52%,1.45%
"2018-03-23,五",1.666,1.688,1.61,1.622,-5.20%,4.56%
"2018-03-26,一",1.609,1.679,1.595,1.673,3.14%,5.18%
"2018-03-27,二",1.69,1.74,1.686,1.738,3.89%,3.23%
"2018-03-28,三",1.717,1.748,1.714,1.73,-0.46%,1.96%
"2018-03-29,四",1.736,1.75,1.719,1.739,0.52%,1.79%
"2018-03-30,五",1.744,1.791,1.739,1.791,2.99%,2.99%
"2018-04-02,一",1.805,1.81,1.781,1.788,-0.17%,1.62%
"2018-04-03,二",1.765,1.778,1.744,1.764,-1.34%,1.90%
"2018-04-04,三",1.773,1.779,1.732,1.732,-1.81%,2.66%
"2018-04-09,一",1.732,1.757,1.716,1.737,0.29%,2.37%
"2018-04-10,二",1.733,1.738,1.71,1.732,-0.29%,1.61%
"2018-04-11,三",1.737,1.753,1.728,1.729,-0.17%,1.44%
"2018-04-12,四",1.725,1.745,1.72,1.72,-0.52%,1.45%
"2018-04-13,五",1.736,1.743,1.72,1.721,0.06%,1.34%
"2018-04-16,一",1.722,1.748,1.714,1.736,0.87%,1.98%
"2018-04-17,二",1.737,1.745,1.681,1.683,-3.05%,3.69%
"2018-04-18,三",1.692,1.732,1.659,1.718,2.08%,4.34%
"2018-04-19,四",1.711,1.735,1.707,1.715,-0.17%,1.63%
"2018-04-20,五",1.711,1.726,1.679,1.684,-1.81%,2.74%
"2018-04-23,一",1.684,1.692,1.631,1.653,-1.84%,3.62%
"2018-04-24,二",1.653,1.705,1.651,1.705,3.15%,3.27%
"2018-04-25,三",1.698,1.724,1.695,1.715,0.59%,1.70%
"2018-04-26,四",1.713,1.716,1.68,1.681,-1.98%,2.10%
"2018-04-27,五",1.689,1.711,1.681,1.707,1.55%,1.78%
"2018-05-02,三",1.711,1.729,1.687,1.701,-0.35%,2.46%
"2018-05-03,四",1.697,1.726,1.668,1.726,1.47%,3.41%
"2018-05-04,五",1.72,1.728,1.71,1.712,-0.81%,1.04%
"2018-05-07,一",1.717,1.753,1.715,1.749,2.16%,2.22%
"2018-05-08,二",1.751,1.753,1.736,1.753,0.23%,0.97%
"2018-05-09,三",1.75,1.756,1.741,1.749,-0.23%,0.86%
"2018-05-10,四",1.751,1.763,1.743,1.762,0.74%,1.14%
"2018-05-11,五",1.762,1.765,1.732,1.734,-1.59%,1.87%
"2018-05-14,一",1.732,1.741,1.724,1.728,-0.35%,0.98%
"2018-05-15,二",1.726,1.757,1.724,1.756,1.62%,1.91%
"2018-05-16,三",1.749,1.758,1.742,1.745,-0.63%,0.91%
"2018-05-17,四",1.742,1.747,1.725,1.729,-0.92%,1.26%
"2018-05-18,五",1.726,1.736,1.712,1.731,0.12%,1.39%
"2018-05-21,一",1.742,1.767,1.742,1.757,1.50%,1.44%
"2018-05-22,二",1.757,1.772,1.752,1.77,0.74%,1.14%
"2018-05-23,三",1.764,1.771,1.744,1.745,-1.41%,1.53%
"2018-05-24,四",1.744,1.752,1.735,1.737,-0.46%,0.97%
"2018-05-25,五",1.736,1.739,1.704,1.705,-1.84%,2.01%
"2018-05-28,一",1.702,1.716,1.69,1.698,-0.41%,1.52%
"2018-05-29,二",1.698,1.713,1.677,1.678,-1.18%,2.12%
"2018-05-30,三",1.659,1.662,1.626,1.633,-2.68%,2.15%
"2018-05-31,四",1.646,1.652,1.621,1.649,0.98%,1.90%
"2018-06-01,五",1.641,1.648,1.609,1.62,-1.76%,2.37%
"2018-06-04,一",1.624,1.627,1.602,1.613,-0.43%,1.54%
"2018-06-05,二",1.615,1.655,1.613,1.653,2.48%,2.60%
"2018-06-06,三",1.648,1.656,1.642,1.65,-0.18%,0.85%
"2018-06-07,四",1.653,1.657,1.634,1.636,-0.85%,1.39%
"2018-06-08,五",1.63,1.633,1.607,1.62,-0.98%,1.59%
"2018-06-11,一",1.617,1.618,1.596,1.601,-1.17%,1.36%
"2018-06-12,二",1.602,1.624,1.592,1.619,1.12%,2.00%
"2018-06-13,三",1.616,1.618,1.596,1.597,-1.36%,1.36%
"2018-06-14,四",1.591,1.613,1.581,1.587,-0.63%,2.00%
"2018-06-15,五",1.586,1.593,1.55,1.554,-2.08%,2.71%
"2018-06-19,二",1.535,1.54,1.449,1.467,-5.60%,5.86%
"2018-06-20,三",1.461,1.492,1.444,1.478,0.75%,3.27%
"2018-06-21,四",1.475,1.486,1.441,1.441,-2.50%,3.04%
"2018-06-22,五",1.434,1.473,1.427,1.466,1.73%,3.19%
"2018-06-25,一",1.479,1.482,1.454,1.455,-0.75%,1.91%
"2018-06-26,二",1.444,1.488,1.437,1.485,2.06%,3.51%
"2018-06-27,三",1.479,1.489,1.462,1.466,-1.28%,1.82%
"2018-06-28,四",1.463,1.487,1.459,1.462,-0.27%,1.91%
"2018-06-29,五",1.464,1.527,1.464,1.524,4.24%,4.31%
"2018-07-02,一",1.522,1.526,1.489,1.503,-1.38%,2.43%
"2018-07-03,二",1.507,1.531,1.477,1.52,1.13%,3.59%
"2018-07-04,三",1.511,1.514,1.476,1.486,-2.24%,2.50%
"2018-07-05,四",1.479,1.496,1.451,1.452,-2.29%,3.03%
"2018-07-06,五",1.451,1.493,1.443,1.464,0.83%,3.44%
"2018-07-09,一",1.474,1.505,1.47,1.504,2.73%,2.39%
"2018-07-10,二",1.505,1.517,1.5,1.516,0.80%,1.13%
"2018-07-11,三",1.49,1.5,1.468,1.488,-1.85%,2.11%
"2018-07-12,四",1.49,1.545,1.489,1.54,3.49%,3.76%
"2018-07-13,五",1.537,1.548,1.532,1.542,0.13%,1.04%
"2018-07-16,一",1.536,1.546,1.528,1.542,0.00%,1.17%
"2018-07-17,二",1.54,1.545,1.521,1.543,0.06%,1.56%
"2018-07-18,三",1.545,1.557,1.531,1.532,-0.71%,1.69%
"2018-07-19,四",1.532,1.543,1.508,1.514,-1.17%,2.28%
"2018-07-20,五",1.511,1.54,1.505,1.535,1.39%,2.31%
"2018-07-23,一",1.534,1.541,1.515,1.54,0.33%,1.69%
"2018-07-24,二",1.54,1.562,1.53,1.549,0.58%,2.08%
"2018-07-25,三",1.549,1.567,1.547,1.551,0.13%,1.29%
"2018-07-26,四",1.551,1.557,1.526,1.534,-1.10%,2.00%
"2018-07-27,五",1.529,1.532,1.515,1.518,-1.04%,1.11%
"2018-07-30,一",1.514,1.52,1.482,1.484,-2.24%,2.50%
"2018-07-31,二",1.483,1.499,1.481,1.489,0.34%,1.21%
"2018-08-01,三",1.494,1.507,1.471,1.471,-1.21%,2.42%
"2018-08-02,四",1.465,1.467,1.415,1.44,-2.11%,3.54%
"2018-08-03,五",1.44,1.45,1.411,1.414,-1.81%,2.71%
"2018-08-06,一",1.405,1.416,1.368,1.374,-2.83%,3.39%
"2018-08-07,二",1.381,1.412,1.369,1.412,2.77%,3.13%
"2018-08-08,三",1.403,1.408,1.379,1.381,-2.20%,2.05%
"2018-08-09,四",1.379,1.437,1.376,1.426,3.26%,4.42%
"2018-08-10,五",1.424,1.441,1.421,1.437,0.77%,1.40%
"2018-08-13,一",1.422,1.46,1.42,1.458,1.46%,2.78%
"2018-08-14,二",1.454,1.458,1.44,1.446,-0.82%,1.23%
"2018-08-15,三",1.445,1.446,1.403,1.409,-2.56%,2.97%
"2018-08-16,四",1.391,1.419,1.381,1.396,-0.92%,2.70%
"2018-08-17,五",1.407,1.41,1.366,1.369,-1.93%,3.15%
"2018-08-20,一",1.363,1.376,1.34,1.367,-0.15%,2.63%
"2018-08-21,二",1.366,1.393,1.363,1.387,1.46%,2.19%
"2018-08-22,三",1.385,1.389,1.37,1.375,-0.87%,1.37%
"2018-08-23,四",1.376,1.395,1.373,1.388,0.95%,1.60%
"2018-08-24,五",1.38,1.394,1.376,1.382,-0.43%,1.30%
"2018-08-27,一",1.387,1.426,1.385,1.426,3.18%,2.97%
"2018-08-28,二",1.425,1.429,1.416,1.423,-0.21%,0.91%
"2018-08-29,三",1.42,1.421,1.405,1.411,-0.84%,1.12%
"2018-08-30,四",1.41,1.415,1.389,1.389,-1.56%,1.84%
"2018-08-31,五",1.383,1.387,1.366,1.369,-1.44%,1.51%
"2018-09-03,一",1.364,1.379,1.35,1.375,0.44%,2.12%
"2018-09-04,二",1.373,1.394,1.365,1.385,0.73%,2.11%
"2018-09-05,三",1.38,1.387,1.363,1.363,-1.59%,1.73%
"2018-09-06,四",1.358,1.377,1.351,1.355,-0.59%,1.91%
"2018-09-07,五",1.36,1.386,1.351,1.36,0.37%,2.58%
"2018-09-10,一",1.353,1.36,1.325,1.327,-2.43%,2.57%
"2018-09-11,二",1.327,1.342,1.32,1.332,0.38%,1.66%
"2018-09-12,三",1.331,1.341,1.32,1.32,-0.90%,1.58%
"2018-09-13,四",1.336,1.341,1.307,1.326,0.45%,2.58%
"2018-09-14,五",1.326,1.332,1.304,1.304,-1.66%,2.11%
"2018-09-17,一",1.296,1.302,1.282,1.288,-1.23%,1.53%
"2018-09-18,二",1.286,1.314,1.283,1.312,1.86%,2.41%
"2018-09-19,三",1.308,1.339,1.303,1.324,0.91%,2.74%
"2018-09-20,四",1.321,1.333,1.319,1.32,-0.30%,1.06%
"2018-09-21,五",1.325,1.346,1.317,1.343,1.74%,2.20%
"2018-09-25,二",1.333,1.347,1.331,1.338,-0.37%,1.19%
"2018-09-26,三",1.339,1.361,1.334,1.352,1.05%,2.02%
"2018-09-27,四",1.35,1.353,1.332,1.333,-1.41%,1.55%
"2018-09-28,五",1.337,1.346,1.327,1.346,0.98%,1.43%
"2018-10-08,一",1.317,1.322,1.286,1.289,-4.23%,2.67%
"2018-10-09,二",1.294,1.301,1.275,1.283,-0.47%,2.02%
"2018-10-10,三",1.284,1.293,1.271,1.282,-0.08%,1.71%
"2018-10-11,四",1.243,1.249,1.19,1.196,-6.71%,4.60%
"2018-10-12,五",1.192,1.215,1.173,1.206,0.84%,3.51%
"2018-10-15,一",1.205,1.22,1.189,1.19,-1.33%,2.57%
"2018-10-16,二",1.192,1.195,1.154,1.16,-2.52%,3.45%
"2018-10-17,三",1.173,1.182,1.149,1.174,1.21%,2.84%
"2018-10-18,四",1.163,1.173,1.151,1.153,-1.79%,1.87%
"2018-10-19,五",1.141,1.197,1.136,1.189,3.12%,5.29%
"2018-10-22,一",1.22,1.268,1.211,1.26,5.97%,4.79%
"2018-10-23,二",1.26,1.263,1.222,1.231,-2.30%,3.25%
"2018-10-24,三",1.231,1.246,1.22,1.226,-0.41%,2.11%
"2018-10-25,四",1.19,1.224,1.183,1.216,-0.82%,3.34%
"2018-10-26,五",1.221,1.233,1.198,1.203,-1.07%,2.88%
"2018-10-29,一",1.205,1.213,1.188,1.192,-0.91%,2.08%
"2018-10-30,二",1.189,1.221,1.168,1.204,1.01%,4.45%
"2018-10-31,三",1.205,1.229,1.201,1.216,1.00%,2.33%
"2018-11-01,四",1.231,1.253,1.227,1.227,0.90%,2.14%
"2018-11-02,五",1.28,1.292,1.257,1.291,5.22%,2.85%
"2018-11-05,一",1.284,1.308,1.261,1.287,-0.31%,3.64%
"2018-11-06,二",1.278,1.287,1.263,1.286,-0.08%,1.86%
"2018-11-07,三",1.287,1.303,1.28,1.282,-0.31%,1.79%
"2018-11-08,四",1.293,1.295,1.264,1.265,-1.33%,2.42%
"2018-11-09,五",1.256,1.272,1.252,1.26,-0.40%,1.58%
"2018-11-12,一",1.258,1.307,1.256,1.305,3.57%,4.05%
"2018-11-13,二",1.293,1.333,1.291,1.326,1.61%,3.22%
"2018-11-14,三",1.321,1.333,1.315,1.32,-0.45%,1.36%
"2018-11-15,四",1.315,1.338,1.314,1.336,1.21%,1.82%
"2018-11-16,五",1.337,1.345,1.322,1.332,-0.30%,1.72%
"2018-11-19,一",1.328,1.332,1.31,1.325,-0.53%,1.65%
"2018-11-20,二",1.316,1.317,1.282,1.291,-2.57%,2.64%
"2018-11-21,三",1.285,1.296,1.274,1.294,0.23%,1.70%
"2018-11-22,四",1.294,1.302,1.282,1.285,-0.70%,1.55%
"2018-11-23,五",1.289,1.289,1.244,1.248,-2.88%,3.50%
"2018-11-26,一",1.247,1.254,1.234,1.244,-0.32%,1.60%
"2018-11-27,二",1.251,1.259,1.245,1.253,0.72%,1.13%
"2018-11-28,三",1.253,1.277,1.243,1.277,1.92%,2.71%
"2018-11-29,四",1.284,1.287,1.245,1.247,-2.35%,3.29%
"2018-11-30,五",1.244,1.269,1.241,1.264,1.36%,2.25%
"2018-12-03,一",1.301,1.316,1.292,1.31,3.64%,1.90%
"2018-12-04,二",1.308,1.315,1.303,1.315,0.38%,0.92%
"2018-12-05,三",1.297,1.326,1.293,1.315,0.00%,2.51%
"2018-12-06,四",1.305,1.313,1.277,1.28,-2.66%,2.74%
"2018-12-07,五",1.284,1.287,1.273,1.275,-0.39%,1.09%
"2018-12-10,一",1.269,1.277,1.263,1.264,-0.86%,1.10%
"2018-12-11,二",1.269,1.277,1.266,1.277,1.03%,0.87%
"2018-12-12,三",1.283,1.286,1.273,1.276,-0.08%,1.02%
"2018-12-13,四",1.277,1.295,1.265,1.286,0.78%,2.35%
"2018-12-14,五",1.282,1.283,1.247,1.248,-2.95%,2.80%
"2018-12-17,一",1.242,1.247,1.227,1.24,-0.64%,1.60%
"2018-12-18,二",1.232,1.248,1.224,1.232,-0.65%,1.94%
"2018-12-19,三",1.234,1.235,1.207,1.209,-1.87%,2.27%
"2018-12-20,四",1.209,1.223,1.206,1.219,0.83%,1.41%
"2018-12-21,五",1.216,1.22,1.203,1.213,-0.49%,1.39%
"2018-12-24,一",1.212,1.228,1.206,1.226,1.07%,1.81%
"2018-12-25,二",1.216,1.224,1.191,1.217,-0.73%,2.69%
"2018-12-26,三",1.216,1.225,1.209,1.211,-0.49%,1.31%
"2018-12-27,四",1.229,1.232,1.191,1.192,-1.57%,3.39%
"2018-12-28,五",1.194,1.202,1.186,1.194,0.17%,1.34%
"2019-01-02,三",1.198,1.199,1.176,1.178,-1.34%,1.93%
"2019-01-03,四",1.176,1.189,1.163,1.164,-1.19%,2.21%
"2019-01-04,五",1.155,1.195,1.152,1.195,2.66%,3.69%
"2019-01-07,一",1.197,1.218,1.193,1.214,1.59%,2.09%
"2019-01-08,二",1.21,1.217,1.207,1.211,-0.25%,0.82%
"2019-01-09,三",1.212,1.232,1.207,1.21,-0.08%,2.06%
"2019-01-10,四",1.208,1.219,1.203,1.207,-0.25%,1.32%
"2019-01-11,五",1.207,1.214,1.201,1.209,0.17%,1.08%
"2019-01-14,一",1.21,1.212,1.193,1.195,-1.16%,1.57%
"2019-01-15,二",1.194,1.216,1.189,1.216,1.76%,2.26%
"2019-01-16,三",1.214,1.224,1.21,1.214,-0.16%,1.15%
"2019-01-17,四",1.215,1.215,1.198,1.198,-1.32%,1.40%
"2019-01-18,五",1.203,1.218,1.198,1.216,1.50%,1.67%
"2019-01-21,一",1.218,1.231,1.213,1.222,0.49%,1.48%
"2019-01-22,二",1.219,1.22,1.196,1.201,-1.72%,1.96%
"2019-01-23,三",1.198,1.204,1.194,1.197,-0.33%,0.83%
"2019-01-24,四",1.199,1.221,1.197,1.211,1.17%,2.01%
"2019-01-25,五",1.212,1.224,1.209,1.214,0.25%,1.24%
"2019-01-28,一",1.22,1.227,1.205,1.208,-0.49%,1.81%
"2019-01-29,二",1.205,1.207,1.18,1.192,-1.32%,2.24%
"2019-01-30,三",1.183,1.197,1.182,1.183,-0.76%,1.26%
"2019-01-31,四",1.183,1.194,1.172,1.178,-0.42%,1.86%
"2019-02-01,五",1.182,1.222,1.182,1.221,3.65%,3.40%
"2019-02-11,一",1.223,1.266,1.223,1.264,3.52%,3.52%
"2019-02-12,二",1.262,1.281,1.259,1.278,1.11%,1.74%
"2019-02-13,三",1.279,1.305,1.277,1.301,1.80%,2.19%
"2019-02-14,四",1.3,1.313,1.293,1.304,0.23%,1.54%
"2019-02-15,五",1.301,1.314,1.299,1.302,-0.15%,1.15%
"2019-02-18,一",1.31,1.357,1.308,1.357,4.22%,3.76%
"2019-02-19,二",1.359,1.368,1.333,1.346,-0.81%,2.58%
"2019-02-20,三",1.346,1.357,1.33,1.348,0.15%,2.01%
"2019-02-21,四",1.344,1.391,1.34,1.355,0.52%,3.78%
"2019-02-22,五",1.348,1.406,1.347,1.406,3.76%,4.35%
"2019-02-25,一",1.432,1.495,1.416,1.492,6.12%,5.62%
"2019-02-26,二",1.487,1.519,1.459,1.479,-0.87%,4.02%
"2019-02-27,三",1.475,1.491,1.436,1.458,-1.42%,3.72%
"2019-02-28,四",1.456,1.482,1.454,1.47,0.82%,1.92%
"2019-03-01,五",1.489,1.502,1.466,1.5,2.04%,2.45%
